instance_id,repo,base_duration_seconds_mean,base_total_energy_joules_mean,base_cpu_energy_joules_mean,base_gpu_energy_joules_mean,base_carbon_grams_mean,base_power_watts_mean,human_head_duration_seconds_mean,human_head_total_energy_joules_mean,human_head_cpu_energy_joules_mean,human_head_gpu_energy_joules_mean,human_head_carbon_grams_mean,human_head_power_watts_mean,qwen_zs_oracle_duration_seconds_mean,qwen_zs_oracle_total_energy_joules_mean,qwen_zs_oracle_cpu_energy_joules_mean,qwen_zs_oracle_gpu_energy_joules_mean,qwen_zs_oracle_carbon_grams_mean,qwen_zs_oracle_power_watts_mean,qwen_zs_realistic_duration_seconds_mean,qwen_zs_realistic_total_energy_joules_mean,qwen_zs_realistic_cpu_energy_joules_mean,qwen_zs_realistic_gpu_energy_joules_mean,qwen_zs_realistic_carbon_grams_mean,qwen_zs_realistic_power_watts_mean,qwen_cot_oracle_duration_seconds_mean,qwen_cot_oracle_total_energy_joules_mean,qwen_cot_oracle_cpu_energy_joules_mean,qwen_cot_oracle_gpu_energy_joules_mean,qwen_cot_oracle_carbon_grams_mean,qwen_cot_oracle_power_watts_mean,qwen_cot_realistic_duration_seconds_mean,qwen_cot_realistic_total_energy_joules_mean,qwen_cot_realistic_cpu_energy_joules_mean,qwen_cot_realistic_gpu_energy_joules_mean,qwen_cot_realistic_carbon_grams_mean,qwen_cot_realistic_power_watts_mean,qwen_ldb_oracle_duration_seconds_mean,qwen_ldb_oracle_total_energy_joules_mean,qwen_ldb_oracle_cpu_energy_joules_mean,qwen_ldb_oracle_gpu_energy_joules_mean,qwen_ldb_oracle_carbon_grams_mean,qwen_ldb_oracle_power_watts_mean,qwen_ldb_realistic_duration_seconds_mean,qwen_ldb_realistic_total_energy_joules_mean,qwen_ldb_realistic_cpu_energy_joules_mean,qwen_ldb_realistic_gpu_energy_joules_mean,qwen_ldb_realistic_carbon_grams_mean,qwen_ldb_realistic_power_watts_mean,qwen_sc_oracle_duration_seconds_mean,qwen_sc_oracle_total_energy_joules_mean,qwen_sc_oracle_cpu_energy_joules_mean,qwen_sc_oracle_gpu_energy_joules_mean,qwen_sc_oracle_carbon_grams_mean,qwen_sc_oracle_power_watts_mean,qwen_sc_realistic_duration_seconds_mean,qwen_sc_realistic_total_energy_joules_mean,qwen_sc_realistic_cpu_energy_joules_mean,qwen_sc_realistic_gpu_energy_joules_mean,qwen_sc_realistic_carbon_grams_mean,qwen_sc_realistic_power_watts_mean,deepseek_zs_oracle_duration_seconds_mean,deepseek_zs_oracle_total_energy_joules_mean,deepseek_zs_oracle_cpu_energy_joules_mean,deepseek_zs_oracle_gpu_energy_joules_mean,deepseek_zs_oracle_carbon_grams_mean,deepseek_zs_oracle_power_watts_mean,deepseek_zs_realistic_duration_seconds_mean,deepseek_zs_realistic_total_energy_joules_mean,deepseek_zs_realistic_cpu_energy_joules_mean,deepseek_zs_realistic_gpu_energy_joules_mean,deepseek_zs_realistic_carbon_grams_mean,deepseek_zs_realistic_power_watts_mean,deepseek_cot_oracle_duration_seconds_mean,deepseek_cot_oracle_total_energy_joules_mean,deepseek_cot_oracle_cpu_energy_joules_mean,deepseek_cot_oracle_gpu_energy_joules_mean,deepseek_cot_oracle_carbon_grams_mean,deepseek_cot_oracle_power_watts_mean,deepseek_ldb_oracle_duration_seconds_mean,deepseek_ldb_oracle_total_energy_joules_mean,deepseek_ldb_oracle_cpu_energy_joules_mean,deepseek_ldb_oracle_gpu_energy_joules_mean,deepseek_ldb_oracle_carbon_grams_mean,deepseek_ldb_oracle_power_watts_mean,deepseek_ldb_realistic_duration_seconds_mean,deepseek_ldb_realistic_total_energy_joules_mean,deepseek_ldb_realistic_cpu_energy_joules_mean,deepseek_ldb_realistic_gpu_energy_joules_mean,deepseek_ldb_realistic_carbon_grams_mean,deepseek_ldb_realistic_power_watts_mean,deepseek_sc_oracle_duration_seconds_mean,deepseek_sc_oracle_total_energy_joules_mean,deepseek_sc_oracle_cpu_energy_joules_mean,deepseek_sc_oracle_gpu_energy_joules_mean,deepseek_sc_oracle_carbon_grams_mean,deepseek_sc_oracle_power_watts_mean
astropy__astropy-12842,astropy/astropy,1.6063203016916912,71.53688448327796,53.080607096354164,18.456277386923798,0.0049678392002276365,44.400857820882976,1.5969351132710774,70.49051852931639,52.01886495016515,18.471653579151237,0.0048951748978691935,44.209249060997976,1.5692021052042644,452.81473799826864,78.99601236979167,373.818725628477,0.031445467916546434,284.77120533703965,,,,,,,,,,,,,,,,,,,,,,,,,,,,,,,,,,,,,1.6021265188852947,340.31460813611,88.76774088790019,251.54686724820976,0.02363295889834097,200.6380744875957,,,,,,,,,,,,,,,,,,,,,,,,,1.602193037668864,100.2940952365215,76.42458597819011,23.869509258331394,0.006964867724758438,62.47886896419932,,,,,,
astropy__astropy-13496,astropy/astropy,1.4851714769999187,62.98168059264235,45.984527587269746,16.997153005372606,0.0043737278189334965,42.73233947701354,1.606587807337443,62.38559539119338,43.928446451822914,18.457148939370466,0.0043323330132773175,38.6067680983535,,,,,,,1.63564928372701,512.0283792742784,71.70173136641581,440.3266479078626,0.03555752633849156,312.5527505511137,,,,,,,,,,,,,,,,,,,,,,,,,,,,,,,,,,,,,,,,,,,,,,,,,,,,,,,,,,,,,,,,,,,,,,,,
astropy__astropy-13734,astropy/astropy,1.482431411743164,64.94316181552048,47.90357462565104,17.039587189869447,0.0045099417927444785,43.96916222018686,1.4859989484151204,65.81934416750697,48.70612080767751,17.113223359829462,0.004570787789410206,44.021730621741234,,,,,,,,,,,,,,,,,,,,,,,,,,,,,,,,,,,,,1.60214630762736,521.0724644915747,90.46826680501302,430.6041976865617,0.03618558781191491,324.83694225348324,1.6357630093892415,526.5223548640145,89.78152465820312,436.7408302058114,0.03656405242111212,321.59280352881365,,,,,,,,,,,,,,,,,,,,,,,,,,,,,,,,,,,,
astropy__astropy-13745,astropy/astropy,1.6505244572957356,63.027519794132076,43.961079915364586,19.06643987876749,0.004376911096814727,37.83104741443125,1.6575891176859539,63.883211239560566,44.87047322653234,19.012738013028226,0.0044363341138583725,38.25706978538888,1.6352585156758626,509.745389305051,70.56185404707988,439.18353525797113,0.03539898536840632,311.215443483138,,,,,,,,,,,,,,,,,,,,,,,,,,,,,,,,,,,,,,,,,,,,,,,,,1.7035929361979167,99.14284494706847,71.25207010904948,27.89077483801898,0.006884919787990866,57.665344305388224,,,,,,,,,,,,,,,,,,,,,,,,
astropy__astropy-13817,astropy/astropy,1.372083266576131,53.849303216717935,38.11490376666188,15.734399450056056,0.0037395349456054126,39.074424656815864,1.3818068504333496,53.71005784620916,37.90278625488281,15.807271591326344,0.0037298651282089697,38.66865834946011,,,,,,,,,,,,,,,,,,,,,,,,,1.6356249650319417,519.049291315237,83.1336059619983,435.91568535323876,0.03604508967466924,316.98286510828507,,,,,,,1.6022597948710124,460.8518976230729,81.90180969238281,378.9500879306901,0.032003604001602286,285.28980412962886,1.6020614306132,509.1622981241488,82.4144287109375,426.7478694132113,0.03535849292528811,317.405799882749,1.568937063217163,89.13463449503884,64.14633687337239,24.98829762166644,0.006189905173266586,56.30926544122195,1.5687262217203777,88.11165797365689,63.19513448079427,24.916523492862623,0.006118865137059506,55.682877517242176,,,,,,,1.4358119169871013,79.67460699644023,56.178365071614586,23.496241924825643,0.005532958819197238,55.09836628970423,,,,,,,,,,,,
astropy__astropy-14413,astropy/astropy,1.377255121866862,48.94348740634822,33.050679524739586,15.892807881608636,0.003398853292107515,35.36912328255814,1.3720686435699463,48.6395327406662,32.89243062399328,15.74710211667292,0.0033777453292129305,35.30157710317514,,,,,,,1.3685315450032551,421.3621211116891,55.104451497395836,366.2576696142932,0.029261258410533963,307.5190388584242,1.4018413225809734,426.2665283508201,55.70035807043314,370.566170280387,0.02960184224658473,303.77748106339556,1.436203956604004,448.5581341376304,66.65093485514323,381.90719928248717,0.031149870426224333,311.80500058120305,,,,,,,,,,,,,,,,,,,1.402414083480835,440.10264532517033,67.73338826497395,372.3692570601964,0.03056268370313683,313.30380188249416,,,,,,,,,,,,,1.4352031548817952,77.88522203497092,55.103759765625,22.78146226934592,0.005408695974650758,53.79633517789764,,,,,,,,,,,,,,,,,,
astropy__astropy-14590,astropy/astropy,1.3745413621266682,53.30787482979081,37.554656982421875,15.753217847368933,0.003701935752068806,38.470362682040985,1.372466246287028,53.155623862546136,37.56490580365062,15.590718058895513,0.00369136276823237,38.42515854085788,,,,,,,1.435474157333374,443.3277197900306,60.74261474609375,382.58510504393684,0.030786647207641012,308.159140317976,,,,,,,,,,,,,,,,,,,1.5690712928771973,497.4137382838978,80.26966857910156,417.14406970479627,0.03454262071415957,316.2068130768102,,,,,,,1.5022059281667073,475.4091989940405,73.22928873697917,402.1799102570613,0.03301452770791948,315.47772610586446,,,,,,,,,,,,,,,,,,,,,,,,,,,,,,,,,,,,
astropy__astropy-15228,astropy/astropy,1.3750580151875813,61.44366873576063,45.74900817871094,15.694660557049692,0.004266921439983377,44.864282022527355,1.3180895646413167,62.052253693467925,47.027384440104164,15.024869253363754,0.004309184284268606,47.04460591467553,1.4132494926452637,443.24910251476217,65.06207275142272,378.1870297633394,0.03078118767463626,313.5087331807222,,,,,,,1.4019254843393962,369.4964810826633,64.78716532637675,304.7093157562865,0.025659477852962728,259.2066325118194,,,,,,,,,,,,,,,,,,,,,,,,,,,,,,,,,,,,,,,,,,,,,,,,,1.402004559834798,87.42611295101197,65.1558329264323,22.27028002457968,0.006071257843820277,62.19715457659886,,,,,,,1.4033188025156658,88.25013729967276,65.77257283528645,22.477564464386305,0.00612848175692172,62.56279175261495
astropy__astropy-15710,astropy/astropy,1.368309736251831,58.82689797382004,37.333638509735465,21.49325946408457,0.004085201248181947,42.428591514395386,1.4819660981496174,60.62594215463501,37.033905029296875,23.592037125338138,0.004210134871849654,40.367516036490386,,,,,,,1.4686355590820312,177.4215670441401,65.8601633682847,111.56140367585537,0.01232094215584306,122.38158882290521,,,,,,,1.4689773718516033,464.9133926682761,72.63359069824219,392.27980197003393,0.03228565226863029,315.63338638135724,,,,,,,1.4693366686503093,462.79266055839827,72.36512247721355,390.4275380811847,0.03213837920544432,313.93051293805667,,,,,,,1.469507058461507,465.77809733701577,72.42061869551738,393.35747864149835,0.03234570120395942,316.12967193665037,1.5023436546325684,83.94996728121792,60.03709411621094,23.91287316500699,0.005829858838973467,55.17073981884384,,,,,,,,,,,,,,,,,,,,,,,,,,,,,,
astropy__astropy-15948,astropy/astropy,1.3693017959594727,68.71785720407344,46.90380350810786,21.81405369596558,0.004772073416949544,49.985035830452176,1.4206720193227131,66.62793073638416,44.30394999248286,22.3239807439013,0.0046269396344711215,46.82404351841578,1.3686329523722331,433.1203010872916,65.76284281412761,367.35745827316396,0.03007779868661747,316.12982085304867,,,,,,,1.435278018315633,456.7735227924105,75.35078938305378,381.42273340935674,0.031720383527250734,317.8239229616125,,,,,,,,,,,,,,,,,,,,,,,,,1.3685866991678874,439.8698078175801,75.30996195475261,364.5598458628275,0.030546514431776396,321.17236623100416,,,,,,,,,,,,,,,,,,,,,,,,,,,,,,,,,,,,
astropy__astropy-16058,astropy/astropy,1.42807936668396,60.109791753821554,37.21985371845464,22.889938035366914,0.004174291094015386,41.79259296239591,1.3718272844950359,59.21048084677432,37.84093221090734,21.369548635866977,0.004111838947692661,42.71680028583263,,,,,,,,,,,,,,,,,,,,,,,,,,,,,,,,,,,,,,,,,,,,,,,,,1.4352734088897705,80.00852354525526,57.431610107421875,22.576913437833387,0.005556147468420505,55.35150208024215,,,,,,,,,,,,,,,,,,,,,,,,,,,,,,
astropy__astropy-16065,astropy/astropy,1.4227222601572673,58.5444199149343,35.3681894938151,23.176230421119197,0.004065584716314882,40.65749289940615,1.4309289455413818,58.172673894402365,35.136789958303176,23.03588393609919,0.004039769020444608,40.14274773139659,1.4708480040232341,70.85462122854653,46.2671864827474,24.587434745799143,0.004920459807537954,47.561379544083444,,,,,,,1.4016634623209636,432.13498204571937,55.59607950846354,376.5389025372558,0.03000937375317496,307.90931872037754,1.3019719918568928,403.2991899532166,55.902587893108524,347.3966020601081,0.028006888191195598,309.76025016379924,1.4364490509033203,448.8158487234761,68.29372660319011,380.522122120286,0.031167767272463617,311.90000070298976,1.3686283429463704,430.22598283646687,68.81556701660156,361.4104158198653,0.029876804363643532,313.7402944470244,,,,,,,,,,,,,1.4352327982584636,79.01408057465818,55.892740885416664,23.121339689241516,0.005487088928795707,54.67326888425731,,,,,,,,,,,,,,,,,,,,,,,,,,,,,,
matplotlib__matplotlib-24250,matplotlib/matplotlib,1.4251868724822998,60.17428932226283,37.04366048052907,23.13062884173376,0.004178770091823807,41.828707589650676,1.3740855852762859,60.228137062151355,37.02238973043859,23.20574733171276,0.0041825095182049556,43.345609658736514,,,,,,,1.4027203718821208,147.96418273150107,60.487192787230015,87.47698994427107,0.010275290467465352,105.55445990651515,,,,,,,1.4358610312143962,450.8941695685387,67.96163940181334,382.93253016672537,0.0313120951089263,313.4497048210301,,,,,,,1.4356727600097656,451.3130771540453,68.77556355545919,382.5375135985861,0.031341185913475365,313.7507687894678,,,,,,,1.4357128143310547,449.87813153098034,67.33604939778645,382.54208213319384,0.031241536911873636,312.7649031272509,,,,,,,,,,,,,1.4352018038431804,78.80168658796946,56.0202891031901,22.781397484779358,0.005472339346386768,54.47657095875433,1.4353837966918945,83.08402775056825,60.096954345703125,22.987073404865132,0.005769724149345018,57.322692778074604,1.4020729064941406,77.21658402130207,55.464619954427086,21.75196406687498,0.005362262779257087,54.59646982718063,,,,,,
matplotlib__matplotlib-28104,matplotlib/matplotlib,1.7713402112325032,93.63858102525273,64.49674987917145,29.141831146081287,0.006502679237864774,53.35298873369304,1.7645788192749023,93.34300514261004,64.49478658040364,28.84821856220639,0.006482153134903475,53.29768126874168,1.7358264128367107,544.9566614227847,81.84128316243489,463.1153782603498,0.037844212598804494,313.79362091808804,1.83588711420695,573.632514034922,81.54341634114583,492.0890976937761,0.03983559125242513,312.29441099747515,,,,,,,1.9030537605285645,614.2115663253512,107.37919108321269,506.8323752421385,0.04265358099481605,322.2547107730937,1.8033521175384521,584.3473216161808,101.01395161946614,483.3333699967146,0.04057967511223478,323.9037911230943,1.8032797972361247,584.978252885792,101.39806111901999,483.58019176677203,0.040623489783735554,324.23503140737137,,,,,,,1.7695852915445964,571.0784840728641,101.4588063582778,469.61967771458626,0.03965822806061556,322.611263551216,,,,,,,,,,,,,,,,,,,,,,,,,,,,,,,,,,,,
mwaskom__seaborn-2313,mwaskom/seaborn,2.704766273498535,102.64728453996914,71.49320983886719,31.15407470110195,0.007128283648608968,37.87199734749854,2.6718660990397134,103.15762780208345,72.53611755371094,30.621510248372516,0.007163724152922462,38.555642788199094,1.7716798782348633,542.840548515409,98.92942810058594,443.911120414823,0.03769726031357006,305.51947112778095,1.7718933423360188,208.006188192602,95.35582987219095,112.65035832041104,0.014444874180041806,117.53723096568716,,,,,,,,,,,,,1.870970090230306,623.2925518225185,123.83977254480124,499.4527792777173,0.04328420498767489,333.04344952229565,,,,,,,,,,,,,,,,,,,1.8365845680236816,130.45673812735578,101.04027303059895,29.416465096756816,0.009059495703288595,70.94052776711113,,,,,,,,,,,,,,,,,,,,,,,,,1.8049554030100505,125.9385729079019,97.53628031412761,28.402292593774302,0.00874573422971541,69.59455735429331
mwaskom__seaborn-2389,mwaskom/seaborn,2.374912738800049,95.79084549502929,68.38556416829427,27.40528132673502,0.006652142048265923,41.564314889219084,2.3619715372721353,98.2502621944394,70.75680541992188,27.49345677451753,0.006822934874613848,42.08661307475207,1.8045013745625813,124.57452300132314,94.2029317220052,30.371591279317936,0.008651008541758551,69.04393579009694,,,,,,,1.8030877908070881,415.5704737266451,94.8937072729071,320.676766453738,0.028859060675461467,223.09904508209436,,,,,,,1.8362475236256917,602.5665278037637,112.6122538248698,489.9542739788939,0.04184489776415026,327.98094405907113,,,,,,,1.836500644683838,602.65664261205,112.87029012540977,489.7863524866402,0.04185115573694791,327.90564522619326,1.8373358249664307,599.7699835283687,111.06860351810853,488.7013800102601,0.04165069330058116,326.27051480916975,,,,,,,,,,,,,,,,,,,,,,,,,,,,,,,,,,,,
mwaskom__seaborn-2449,mwaskom/seaborn,2.3849870363871255,99.73736571030815,72.2897237141927,27.447641996115447,0.006926205952104733,41.97893737777661,2.6692330042521157,86.67516088384076,56.00157674153646,30.673584142304303,0.006019108394711164,32.36229317717675,1.6354232629140217,519.1155469029652,79.50068664799134,439.61486025497385,0.036049690757150366,317.4675617881361,1.770040512084961,566.6677002420014,94.29234822591145,472.37535201608995,0.039351923627916764,320.07203587272494,1.7028542359670003,546.3128076268549,93.62889099369447,452.6839166331605,0.037938389418531594,320.8217291118735,,,,,,,1.8363668123881023,598.9300328789552,111.80848185469706,487.1215510242581,0.04159236339437189,325.948720708325,,,,,,,1.8024574120839436,595.7020223232189,113.21926371256511,482.4827586106538,0.041368195994667976,330.27813608163285,,,,,,,,,,,,,,,,,,,,,,,,,,,,,,,,,,,,,,,,,,
mwaskom__seaborn-2458,mwaskom/seaborn,2.076277573903402,92.51875376106103,68.58355712890625,23.93519663215478,0.006424913455629238,46.58865831652491,2.670838197072347,97.56834713817636,66.81494140625,30.753405731926364,0.006775579662373359,36.46106404849523,1.8372751871744792,583.5506495372504,95.73532612870137,487.81532340854903,0.040524350662309055,317.4799690027332,1.8036572138468425,570.1994592293474,92.66924540201823,477.53021382732925,0.03959718466870468,316.0774850314719,,,,,,,1.9044488271077473,687.3725514471951,113.6124267578125,573.7601246893826,0.04773420496161077,364.5562101770285,,,,,,,,,,,,,,,,,,,1.8374203046162922,606.0201424755172,115.89724731445312,490.12289516106415,0.04208473211635536,329.3521197245357,,,,,,,,,,,,,,,,,,,,,,,,,,,,,,,,,,,,
psf__requests-3036,psf/requests,1.4299007256825764,38.690830416923916,22.21210225423177,16.478728162692143,0.002686863223397494,27.57145463971361,1.4938897291819255,39.44546175386035,22.335057576497395,17.110404177362955,0.002739268177351413,26.45103200504932,1.1355685393015544,49.972329906671696,30.937728881835938,19.034601024835762,0.003470300687963312,43.75992769512063,,,,,,,1.1349055767059326,342.0155843567848,38.082366943359375,303.93321741342544,0.023751082246998945,301.24659282718477,,,,,,,1.168406883875529,361.3240766987739,50.67157491048177,310.65250178829217,0.02509194977074819,308.4315630060931,1.135193109512329,347.6338315343698,45.47308858235677,302.16074295201304,0.024141238300997903,306.0235930743725,1.201919158299764,371.59045235401436,50.188812255859375,321.401640098155,0.025804892524584334,308.4400028293908,,,,,,,,,,,,,,,,,,,,,,,,,,,,,,,,,,,,,,,,,,
pydata__xarray-5845,pydata/xarray,2.1695001125335693,68.46219177465487,32.31086730957031,36.151324465084556,0.004754318873239922,31.302276403627882,2.0166611671447754,66.22213499078832,33.04980468687912,33.172330303909206,0.0045987593743603,33.15729565123845,1.602858304977417,505.5272372985704,74.9739990234375,430.5532382751329,0.03510605814573406,315.1384555302195,1.6362686951955159,176.73768268111618,85.03118896732728,91.7064937137889,0.012273450186188624,107.14193719618258,1.6362686951955159,524.2298909171469,88.5791320775946,435.65075883955234,0.03640485353591298,320.01150383558064,,,,,,,1.6363041400909424,522.047963011706,88.70969136307637,433.33827164862964,0.0362533307647018,318.7542920350439,,,,,,,1.5691943168640137,508.57311297604906,89.1485900854071,419.424522890642,0.03531757729000341,323.74009036834406,1.6032439072926838,513.5535144629742,88.10160319010417,425.45191127287,0.03566343850437321,320.13211553331814,1.63649320602417,100.94902092056047,74.75814310709636,26.19087781346412,0.007010348675038922,61.49957250262845,,,,,,,,,,,,,,,,,,,,,,,,,1.6025032997131348,100.29646736224473,74.39888000488281,25.897587357361918,0.006965032455711439,62.53153627668472
pydata__xarray-6109,pydata/xarray,2.072443167368571,83.47570349018993,45.86262003456553,37.613083455624405,0.005796923853485412,40.27568918851307,2.07247527440389,82.1092259425215,45.262786865234375,36.84643907728712,0.005702029579341771,39.62227953313024,1.5707858403523762,497.7626612401304,74.93332418054342,422.829337059587,0.034566851475009056,316.6524462548472,1.6713012059529622,527.6583616681778,77.75358581294616,449.9047758552317,0.03664294178251235,314.74923634560366,1.6360778013865154,512.1750119703837,73.99934387207031,438.17566809831345,0.03556770916460998,312.82684044669645,,,,,,,,,,,,,,,,,,,,,,,,,,,,,,,,,,,,,,,,,,,,,,,,,,,,,,,,,,,,,,,,,,
pydata__xarray-6834,pydata/xarray,2.336838642756144,74.27683159703818,34.354227700581156,39.922603896457034,0.005158113305349874,31.38678878683768,1.3361585140228271,61.09822620864331,37.95195007386307,23.14627613478024,0.00424293237560023,45.36382266537211,1.6370960076649983,510.64620456002785,74.97350057214499,435.67270398788287,0.03546154198333527,311.6986690786573,,,,,,,1.6373149553934734,515.5273225371641,78.06089274088542,437.4664297962787,0.035800508509525285,314.4685076448571,,,,,,,1.7037863731384277,462.8444445143649,91.51883952071269,371.3256049936522,0.032141975313497564,264.44046811036264,,,,,,,1.6368623574574788,523.6317087332657,88.13803608963887,435.4936726436268,0.03636331310647678,319.480638998719,,,,,,,,,,,,,,,,,,,,,,,,,1.5693248112996419,99.43404663949315,74.45245869954427,24.981587939948877,0.00690514212774258,63.11102350124623,,,,,,,,,,,,
pydata__xarray-7206,pydata/xarray,1.84635329246521,64.99858237190679,33.89206441367666,31.106517958230143,0.004513790442493527,35.704994473743014,2.270596504211426,70.24853628698473,31.5280609143277,38.720475372657035,0.004878370575485051,30.74473563300087,1.402147928873698,430.36857167861496,55.4864196802179,374.88215199839703,0.02988670636657048,306.68239551788673,,,,,,,1.4359242121378581,449.86859826796086,68.06252543131511,381.80607283664574,0.031240874879719504,312.6774319187759,1.4353359540303547,449.1026930554708,66.41403706868489,382.68865598678593,0.03118768701774103,312.35796171839013,1.4358394145965576,447.7269930308329,66.88965352624655,380.83733950458634,0.031092152293807837,311.2644155746566,1.4356191953023274,513.8927694453829,68.29908243566751,445.5936870097154,0.03568699787815159,350.46424802952805,1.3683009147644043,431.81055377038047,67.93537393957376,363.8751798308067,0.02998684401183198,315.02482200171755,1.4358954429626465,447.4108253697422,68.06036376704772,379.35046160269445,0.0310701962062321,311.0561908071929,,,,,,,,,,,,,,,,,,,,,,,,,,,,,,,,,,,,
pydata__xarray-7209,pydata/xarray,1.4037052790323894,58.82922799805641,35.74509175866842,23.084136239387984,0.004085363055420585,41.32596984064905,1.4369938373565674,61.13378732203249,37.17369079217315,23.960096529859342,0.004245401897363367,41.93398587377487,1.4785359700520833,73.1156036040241,47.38841756184896,25.72718604217515,0.005077472472501674,48.372198197078596,,,,,,,,,,,,,,,,,,,1.46870756149292,138.63203309144382,80.13053385168314,58.501499239760676,0.009627224520239154,91.55988075757284,,,,,,,,,,,,,1.468892256418864,465.2976547927279,72.3840840657552,392.9135707269727,0.032312337138383884,315.86245620169,,,,,,,,,,,,,,,,,,,,,,,,,,,,,,,,,,,,
pydata__xarray-7578,pydata/xarray,2.0372015635172525,66.32227760535736,32.79737854065994,33.5248990646974,0.0046057137225942605,32.30024318399821,2.2704807122548423,70.00195056845564,32.02343241373698,37.97851815471866,0.004861246567253863,30.58266887181187,,,,,,,,,,,,,,,,,,,1.435830036799113,449.62171322083475,66.338984174033,383.2827290468017,0.031223730084780188,312.56851050655234,,,,,,,1.3691327571868896,430.702470823016,66.59155273685853,364.1109180861574,0.029909893807153885,314.049401032763,,,,,,,,,,,,,,,,,,,,,,,,,,,,,,,,,,,,,,,,,,,,,,,,
pydata__xarray-7809,pydata/xarray,2.303454875946045,71.7475840710683,31.92609659768641,39.821487473381886,0.00498247111604641,30.95811784160238,2.2025739351908364,69.53821078902303,31.879364014913637,37.658846774109385,0.0048290424159043764,31.30537258075288,1.3685720761617024,421.4946356454808,53.992187502483524,367.50244814299725,0.02927046080871394,307.67081282762126,1.402103344599406,317.78279862518576,63.744852701822914,254.03794592336286,0.022068249904526792,234.44394129086777,1.4032824834187825,429.9196874605563,53.81837972253561,376.1013077380207,0.029855533851427522,305.9710950426341,1.43580158551534,450.63172311429844,67.3405812556545,383.2911418586439,0.031293869660715165,313.33220149315395,1.4359171390533447,451.28158035016725,67.21733093261719,384.06424941755006,0.03133899863542828,313.64849430515807,1.4024682839711506,439.2721871619169,66.03648885091145,373.2356983110054,0.03050501299735534,312.71201430852585,,,,,,,,,,,,,,,,,,,,,,,,,,,,,,,,,,,,,,,,,,,,,,,,
pydata__xarray-8277,pydata/xarray,2.0713961124420166,67.98046246983012,30.053090412169695,37.92737205766042,0.004720865449293758,32.819927124080664,2.0719749132792153,66.76376670685741,29.95585632448395,36.807910382373464,0.00463637268797621,32.22611388306166,1.3684470653533936,422.83804670580406,55.51860046635071,367.3194462394533,0.029363753243458614,308.75042259803104,1.402004877726237,432.293381116483,54.81970723470052,377.4736738817824,0.030020373688644648,307.9665646837843,1.4356997807820637,449.4800038900276,67.41270446777344,382.06729942225417,0.031213889159029697,312.5423877738934,,,,,,,1.4356645743052165,447.4912303957989,67.54102070629597,379.9502096895029,0.031075779888597145,311.0719186834954,1.4019218285878499,433.28977775782744,66.9836934407552,366.30608431707225,0.030089567899849127,308.03964193505544,1.4022342363993328,441.42048787804686,67.3523610457778,374.06812683226906,0.030654200547086584,314.2467283905544,1.402119477589925,438.4503048252132,67.78395080566406,370.66635401954915,0.030447937835084253,312.0862383411778,,,,,,,,,,,,,,,,,,,1.435638189315796,78.46871141958236,55.493326822916664,22.9753845966657,0.005449216070804331,54.27695069037036,1.4353015422821045,78.24118893969721,54.913309733072914,23.327879206624296,0.005433415898590084,54.065376228458604,,,,,,
pydata__xarray-8412,pydata/xarray,2.1610378424326577,70.62936657815855,32.91979980406662,37.70956677409194,0.004904817123483233,32.66158810638321,1.2362943490346272,60.4424134677781,38.52284240722656,21.91957106055154,0.004197389824151257,48.96005871870897,1.36887526512146,418.8649643885638,56.305765787760414,362.55919860080337,0.02908784474920582,305.7837061731074,1.4018290837605794,430.49678175316296,54.56656392415365,375.9302178290093,0.029895609843969648,306.7021319921486,,,,,,,1.4355305035909016,488.22957180689605,66.2442118326823,421.9853599742138,0.033904831375478894,342.2983944072582,,,,,,,1.4023977915445964,441.3428161919448,68.12332661698262,373.2194895749622,0.030648806679996168,314.14491681874324,1.4355827172597249,521.3096523997551,68.2289988224705,453.0806535772847,0.03620205919442744,367.5846696821601,,,,,,,,,,,,,,,,,,,,,,,,,,,,,,,,,,,,,,,,,,
pydata__xarray-8415,pydata/xarray,2.0725467999776206,78.98851199260542,42.05253092572093,36.9359810668845,0.0054853133328198215,38.10836492315985,2.074422041575114,78.85250681137357,41.86006673052907,36.992440080844496,0.005475868528567609,38.01314811895446,1.502754847208659,472.4081473231037,69.76213073730469,402.64601658579903,0.032806121341882204,313.99120403865743,1.4376647472381592,449.479109776293,65.6975402807196,383.7815694955734,0.031213827067798124,312.1665436126029,,,,,,,1.6365057627360027,523.8306369247648,87.2638092065851,436.5668277181797,0.03637712756421977,319.7735158284234,1.5708544254302979,505.9084760565759,88.90224202722311,417.0062340293528,0.03513253305948444,321.6128601512702,,,,,,,,,,,,,1.4705443382263184,476.79359921784476,83.5927225748698,393.20087664297495,0.033110666612350334,323.4717903976467,,,,,,,,,,,,,,,,,,,,,,,,,,,,,,,,,,,,
pydata__xarray-8507,pydata/xarray,1.4701781272888184,63.006898990765045,39.09279887129863,23.914100119466415,0.004375479096580906,42.09622640295988,1.5368877251942952,64.70291682098309,39.125854489703976,25.57706233127912,0.004493258112568271,41.45653134092952,,,,,,,1.5352612336476643,469.3042180801206,62.47362772623698,406.8305903538836,0.03259057070000838,304.67770918435343,1.569463809331258,494.9713827777187,79.65353393306334,415.3178488446554,0.03437301269289714,313.7156265795919,1.568868637084961,498.7695382489522,77.71577962239583,421.0537586265564,0.03463677348951057,316.2212480408451,1.535797913869222,484.93211082433595,78.05072021484375,406.8813906094922,0.03367584102946777,314.22859762862964,1.5685567061106365,497.95272081815665,79.73149108638366,418.221229731773,0.034580050056816435,315.73220008150815,1.5352784792582195,490.22528538500495,78.5845286026597,411.64075678234525,0.0340434225961809,317.49164091212424,1.5028252601623535,479.4330355416361,78.03619893143575,401.39683661020035,0.03329396080150251,317.43046750866034,,,,,,,1.5685725212097168,89.23320230326786,63.02269999186198,26.210502311405868,0.006196750159949156,55.73969907519422,,,,,,,,,,,,,,,,,,,,,,,,
pydata__xarray-8512,pydata/xarray,1.5035099188486736,63.9866448687032,39.63047281652689,24.356172052176312,0.004443517004771056,41.65792184218526,1.536966880162557,64.42548425616621,39.162007650981344,25.263476605184874,0.004473991962233765,41.02065421678833,1.5688126881917317,484.5550553009907,65.71802775065105,418.8370275503397,0.03364965661812436,307.81007788255437,1.468788464864095,454.7040320909206,63.13738505045573,391.5666470404649,0.03157666889520282,308.5603908320651,,,,,,,1.5359408060709636,486.7459184670298,77.14822387943666,409.59769458759314,0.03380179989354374,315.14675456642533,1.569604714711507,495.24622823545275,77.7232971166571,417.52293111879567,0.034392099183017555,313.9492834157073,1.5372648239135742,490.320047916192,80.09352111816406,410.2265267980279,0.03405000332751333,317.44636198993715,,,,,,,1.5691347122192383,498.8374873939488,78.67349243164062,420.16399496230815,0.03464149218013533,316.2343983970163,,,,,,,,,,,,,,,,,,,,,,,,,,,,,,,,,,,,
pydata__xarray-8527,pydata/xarray,1.4034767150878906,55.906920487216446,32.3763580309848,23.530562456231646,0.0038824250338344753,39.583618373529795,1.3364485899607341,55.07630277814293,33.37126159792145,21.705041180221478,0.003824743248482148,41.027065673301145,1.4355111916859944,442.0557494704872,56.49491882572571,385.5608306447615,0.0306983159354505,307.5300134082421,1.436039924621582,436.84887791568036,54.2276357014974,382.621242214183,0.03033672763303336,303.8008104729962,,,,,,,1.4360289573669434,449.8965742615693,66.86371358235677,383.03286067921255,0.031242817657053425,312.72859010790455,,,,,,,1.4357861677805583,452.20190413163436,68.57360840092103,383.6282957307134,0.03140291000914128,314.2791951399033,1.4355512460072835,451.401338400695,68.52699279785156,382.87434560284345,0.031347315166714934,313.8117989387155,1.4352095127105713,450.0741995992147,67.43394470214844,382.64025489706626,0.03125515274994547,312.9575242891479,,,,,,,,,,,,,,,,,,,,,,,,,,,,,,,,,,,,
pydata__xarray-8575,pydata/xarray,1.3368626435597737,54.486724624005234,31.905359903971355,22.58136472003388,0.0037838003211114746,40.62983066245548,1.4365986188252766,56.63187718083792,32.52604675417145,24.105830426666472,0.0039327692486693005,39.24183379308599,1.3685930569966633,422.764797758303,56.18975830078125,366.57503945752177,0.029358666510993264,308.53435503958525,1.3686216672261555,139.26734476501906,52.94357809176048,86.32376667325858,0.009671343386459657,101.38306858028038,1.4354998270670574,451.1124716917823,67.46692403405905,383.6455476577232,0.03132725497859599,313.6815815184483,1.4357375303904216,450.4534397659931,66.94380696862936,383.50963279736374,0.03128148887263841,313.1889834939414,1.4357388019561768,446.7876555282407,66.2635192895929,380.5241362386478,0.03102692052279449,310.65230357267154,1.402144988377889,444.20114197158813,68.85621642818053,375.3449255434076,0.030847301525804734,316.25016424772554,1.4022016525268555,440.584321194156,67.17614237467448,373.4081788194815,0.030596133416260832,313.6161171435626,1.368761698404948,431.1008704773486,67.26610819250345,363.83476228484517,0.029937560449815877,314.4055677459646,1.4350616931915283,78.3996683751742,55.27074686686198,23.128921508312224,0.005444421414942654,54.16441195069784,,,,,,,,,,,,,,,,,,,,,,,,,,,,,,
pydata__xarray-8627,pydata/xarray,1.3702080249786377,55.20819131910199,32.46525573482116,22.74293558428083,0.0038339021749376383,40.03250944104215,1.3363247712453206,55.69440910002144,32.91056823606292,22.783840863958513,0.0038676672986126,41.39498778987457,1.4022671381632488,431.6147675808614,55.31805928548177,376.29670829537963,0.02997324774867093,307.52010532298027,1.3353308041890461,412.4762937790004,54.342020670572914,358.13427310842746,0.02864418706798614,308.50487687542545,1.43550443649292,418.64823428043394,66.42416890462239,352.2240653758115,0.029072794047252357,288.94335754937657,1.4351548353830974,450.51701258499753,67.53487141678731,382.98214116821026,0.03128590365173594,313.34731343196694,1.4021079540252686,437.132785852313,67.36578369388978,369.7670021584233,0.030356443461966184,311.27655751138605,1.4019251664479573,489.65069089103156,68.8804016088446,420.7702892821869,0.03400352020076608,345.27752430875074,1.402579387029012,442.7439999266899,67.67036946366231,375.0736304630276,0.030746111106020133,315.21018319239323,,,,,,,,,,,,,,,,,,,,,,,,,,,,,,,1.4352481365203857,78.24892271347841,55.4535878499349,22.79533486354351,0.005433952966213778,54.067481509335686,,,,,,
pydata__xarray-8668,pydata/xarray,1.3701446851094563,54.519248837515256,31.19368998457988,23.32555885293538,0.0037860589470496706,39.575304188863704,1.4036925633748372,54.91726858221624,31.294576010356348,23.62269257185989,0.0038136992070983496,38.88312239750103,1.3686232566833496,422.14470114289395,53.64854431152344,368.4961568313705,0.0293156042460343,308.0789255361398,1.4019007682800293,429.00954726046456,54.09166463216146,374.91788262830306,0.029792329670865595,305.6280302874438,,,,,,,1.4355099995930989,449.48248332115674,66.72366841385762,382.75881490729915,0.031214061341746997,312.55859276699124,1.4022427399953206,439.6753047700475,67.36923726399739,372.3060675060501,0.030533007275697743,313.16388217208043,,,,,,,1.4359711011250813,451.7872238178253,67.05168151855469,384.7355422992706,0.031374112765126756,314.05051356003037,1.4355324109395344,448.360818236606,66.23066711674134,382.13015111986465,0.03113616793309764,311.80267114454193,,,,,,,,,,,,,,,,,,,,,,,,,,,,,,,,,,,,
pydata__xarray-8684,pydata/xarray,1.4038112163543701,53.617321603059764,30.61066182454427,23.0066597785155,0.0037234251113235947,37.97443993973231,1.3360808690388997,53.80090087347169,31.891515094786882,21.909385778684808,0.0037361736717688677,40.08292736648659,1.401877800623576,429.0456577386292,54.816416420042515,374.2292413185867,0.02979483734296036,305.8224115572534,1.4024166266123455,430.3202217505998,54.48123677571615,375.83898497488366,0.02988334873268054,306.47798631248514,1.4019326368967693,431.58948142660523,55.63575744877259,375.9537239778327,0.029971491765736477,307.6214169886363,1.4354277451833088,448.2505223098828,66.17616780598958,382.0743545038932,0.03112850849374186,311.7981111036627,1.4353617827097576,450.9322103517883,67.27133178462584,383.66087856716246,0.0313147368299853,313.6193937563731,,,,,,,1.368585427602132,433.6484559462233,67.04393005619447,366.6045258900288,0.03011447610737662,316.39507998995947,1.3353177706400554,425.42321107206294,67.16331481933594,358.259896252727,0.029543278546671038,317.9743058998725,,,,,,,,,,,,,,,,,,,1.4351820945739746,78.01493478538262,54.923970540364586,23.090964245018032,0.00541770380454046,53.99923632306842,,,,,,,,,,,,
pydata__xarray-8711,pydata/xarray,1.4702307383219402,66.77295826480187,41.91901143391927,24.853946830882602,0.004637010990611241,45.125682760012126,1.471146583557129,64.89583163304094,40.74590555950999,24.14992607353095,0.004506654974516732,43.48848934985871,,,,,,,1.5354008674621582,474.34812785660176,63.00865681966146,411.3394710369403,0.03294084221226401,307.72969747685033,1.2349201838175456,378.4734571602512,45.686686197916664,332.7867709623345,0.02628287896946189,306.5174445703216,1.5694842338562012,587.5296327223062,76.81139119714499,510.71824152516126,0.040800668939049045,363.3143212225432,1.5363577206929524,488.5584726678937,78.63168334960938,409.9267893182843,0.033927671713048176,316.337597799678,,,,,,,1.5359752972920735,487.61202965066934,78.17685953776042,409.4351701129089,0.0338619465035187,315.6588020064088,1.5360898971557617,488.30653344088796,78.14800008634727,410.1585333545407,0.033910175933394994,316.092410152031,,,,,,,,,,,,,,,,,,,,,,,,,,,,,,,,,,,,
pydata__xarray-8737,pydata/xarray,1.6336774826049805,60.18855952648972,32.59740193684896,27.591157589640762,0.004179761078228453,37.53478494412623,1.8203048706054688,63.76701233484121,33.28201802633703,30.484994308504188,0.004428264745475084,35.52079084902622,1.268263339996338,386.52480495598047,47.140238444010414,339.3845665119701,0.026842000344165312,304.81739775767596,1.4355676968892415,438.68639706403184,54.77284240474304,383.9135546592888,0.030464333129446658,305.20868739340614,,,,,,,1.4024225076039631,439.41383618982934,66.38046264400084,373.0333735458285,0.030514849735404814,312.78539887825366,1.4357452392578125,452.0893540361159,67.28223673254251,384.8071173035734,0.03139509403028583,314.36231657886594,,,,,,,,,,,,,1.4357364177703857,449.38965441887905,66.65550232181947,382.7341520970596,0.031207614890199936,312.4057090690711,,,,,,,,,,,,,,,,,,,,,,,,,,,,,,,1.4354315598805745,77.3235211425225,54.58800760904948,22.735513533473014,0.005369688968230729,53.44415656885022
pydata__xarray-8946,pydata/xarray,1.631654977798462,60.5141873496804,32.17604064941406,28.338146700266336,0.004202374121505583,36.99223176734498,1.6869630813598633,59.929974557270604,31.820836383849382,28.109138173421226,0.0041618037886993475,35.54586787717289,1.3686529795328777,422.4872231583315,54.19829813639323,368.2889250219383,0.029339390497106356,308.434975057646,,,,,,,,,,,,,1.4359495639801025,448.13594927022353,65.62381489823262,382.5121343719909,0.031120552032654413,311.54424699875676,1.4359629154205322,446.46785260010756,66.03791300704081,380.42993959306676,0.03100471198611858,310.31172301710694,,,,,,,1.4351996580759685,452.0430087659872,66.69490560144186,385.34810316454536,0.03139187560874911,314.3833334162555,1.435427983601888,449.60703811523814,66.47597249348958,383.1310656217486,0.031222710980224874,312.7229926807842,1.4353996912638347,77.10019070653783,54.67094930013021,22.42924140640762,0.005354179910176238,53.265881074574786,,,,,,,,,,,,,1.4032870133717854,76.9820233419074,54.82891845703125,22.153104884876143,0.005345973843188013,54.41331715356873,,,,,,,,,,,,
pydata__xarray-9014,pydata/xarray,1.7884762287139893,61.762234708483504,31.47474670348068,30.28748800500282,0.004289044076978022,34.368037876794986,1.8332125345865886,64.30725692769343,32.81471252379318,31.49254440390025,0.004465781731089822,35.52842633901107,1.435130516688029,439.0277446193562,53.95228576660156,385.0754588527547,0.030488037820788627,305.57260763051454,1.3350423177083333,412.39443102040855,53.51828002681335,358.8761509935952,0.02863850215419504,308.5178039950807,,,,,,,1.4361406167348225,449.12845050671694,66.50981649011374,382.6186340166032,0.031189475729633123,312.1855839563567,1.4023512204488118,438.5930150979281,67.14663187662761,371.44638322130055,0.030457848270689456,312.2562912043833,1.4360706011454265,447.1767643157575,65.99891153971355,381.177852776044,0.03105394196637205,310.8289332747572,,,,,,,,,,,,,,,,,,,,,,,,,,,,,,,1.4023006757100422,76.15821543321871,54.15804545084635,22.00016998237236,0.0052887649606401885,54.02504680328103,,,,,,,,,,,,
pydata__xarray-9079,pydata/xarray,1.7085800965627034,62.89726638626953,33.376261392608285,29.521004993661244,0.004367865721268717,37.49414025128328,1.6875964005788167,61.96977460357833,33.815460205699004,28.15431439787932,0.004303456569692939,36.68410902320061,1.4022167523701985,429.4316446208132,54.290873209635414,375.1407714111778,0.029821641987556474,305.99268307828277,1.3683394591013591,146.58248183824728,50.886088053385414,95.69639378486185,0.01017933901654495,106.02961384957288,1.401914914449056,430.9632229745743,54.4180348739028,376.5451881006715,0.02992800159545655,307.1314171364864,,,,,,,1.4356199105580647,448.3492523353298,66.86179606119792,381.48745627413194,0.031135364745509018,311.7436046243315,1.4354894955952961,330.20579186108216,64.84871927897136,265.3570725821108,0.022930957768130703,220.9336940532593,1.4353957970937092,452.62200236198635,67.30436197916667,385.3176403828197,0.03143208349736016,314.78412578138676,,,,,,,,,,,,,,,,,,,,,,,,,,,,,,,,,,,,,,,,,,
pydata__xarray-9109,pydata/xarray,1.7046063741048176,62.513415332880285,33.440470377604164,29.07294495527612,0.004341209398116687,37.33354110477227,1.793018102645874,64.49933375305467,33.508402506510414,30.990931246544253,0.004479120399517685,36.34385966073053,1.4019873936971028,428.7225610980867,55.228658037881054,373.49390306020564,0.029772400076256023,305.47444348496407,1.4359598954518635,439.8461156986919,54.79232279459635,385.05379290409553,0.030544869145742493,305.9557298341726,1.4019274711608887,429.09258827560217,55.31412251790365,373.77846575769854,0.02979809640802793,305.66576232750833,1.4020729859670003,439.3426468068235,66.67653910567363,372.6661077011498,0.03050990602825163,312.81192565546945,1.4024523893992107,441.6768062132306,67.81735229492188,373.85945391830865,0.030672000431474344,314.308459250798,,,,,,,1.3686832586924236,432.68979089751383,67.31831359863281,365.3714772988811,0.030047902145660683,315.6125505991913,1.401635726292928,440.09877409347985,67.69857279459636,372.4002012988835,0.030562414867602767,313.5009510098652,,,,,,,,,,,,,,,,,,,,,,,,,,,,,,,,,,,,
pydata__xarray-9116,pydata/xarray,1.827151854832967,73.05459917669029,41.57173665240407,31.482862524286222,0.0050732360539368256,40.23505353813207,2.0401644706726074,73.13494652268335,38.66598002177974,34.46896650090362,0.0050788157307419,34.98613962360789,1.535454511642456,476.06949233221104,64.07820129394531,411.99129103826573,0.0330603814119591,308.99956956550085,1.5021529992421467,458.19453092948453,62.8536122639974,395.34091866548715,0.03181906464788087,303.96926141067934,1.56926163037618,497.8112109670082,80.51879373937845,417.29241722762976,0.034570222983820016,315.47990112703553,1.5350399017333984,489.49509597414374,78.31721496830384,411.1778810058399,0.03399271499820443,317.25223135949483,1.502338965733846,480.41256254404783,78.98870341231425,401.42385913173354,0.03336198351000332,318.0292178109136,1.535988410313924,489.1135236673296,79.8801320369045,409.2333916304251,0.033966216921342336,316.9585680635581,,,,,,,1.6019915739695232,180.23545195708672,79.8656616260608,100.36979033102591,0.012516350830353244,110.49646793376829,,,,,,,,,,,,,,,,,,,,,,,,,,,,,,,,,,,,
pydata__xarray-9243,pydata/xarray,1.4359382788340251,83.22147025996446,60.55324808508158,22.66822217488289,0.005779268768053088,57.47723168586134,1.4361506303151448,78.57431158818405,56.76844787349304,21.80586371469101,0.005456549415846114,54.475909233966455,1.5020709037780762,166.1184787843426,57.22940572351217,108.88907306083044,0.011536005471134904,108.32562240815342,1.5022637049357097,463.48830367751697,58.85740153491497,404.630902142602,0.03218668775538312,307.82174568540364,,,,,,,1.5026576519012451,473.5788425149454,72.64059957116842,400.93824294377697,0.03288741961909343,314.1197347117776,1.4023241996765137,445.97842142329324,72.44174194335938,373.53667947993387,0.03097072370995092,316.9885905566135,,,,,,,1.4683867295583088,465.9222711385814,72.76046244303386,393.1618086955475,0.032355713273512596,316.32638179409236,1.4357174237569172,188.33963644844394,68.81339518229167,119.52624126615227,0.013079141420030829,125.3495271879806,,,,,,,,,,,,,,,,,,,1.5027964115142822,83.52968597265968,59.08636474609375,24.443321226565924,0.0058006726369902555,54.86600666117199,,,,,,,,,,,,
pydata__xarray-9369,pydata/xarray,1.570193847020467,60.22639945466928,33.803812662760414,26.422586791908863,0.0041823888510186995,38.328011927077725,1.5763614972432454,60.6950073265939,33.68940226236979,27.005605064224113,0.004214931064346799,38.33376842069042,,,,,,,1.402120590209961,428.5331077500455,54.71683247635762,373.8162752736879,0.02975924359375316,305.3523533504578,,,,,,,,,,,,,,,,,,,1.3686652183532715,439.3619205783666,68.54825846105814,370.81366211730847,0.03051124448460879,320.0545041070327,1.501895825068156,470.30510153095366,72.89236958821614,397.41273194273754,0.032660076495205116,312.0860092507993,1.4020006656646729,440.886581646701,67.46413675944011,373.4224448872609,0.030617123725465347,313.96823781544987,,,,,,,,,,,,,,,,,,,1.4354355335235596,78.11356559282541,55.64717102050781,22.4663945723176,0.005424553166168431,53.95981140798265,,,,,,,,,,,,
pydata__xarray-9393,pydata/xarray,1.5715720653533936,60.3243273418913,33.621795654296875,26.702531687594423,0.004189189398742452,38.38696847634351,1.7678588231404622,61.13048447086113,31.873219807321828,29.2572646635393,0.004245172532698689,34.2514321268347,1.3683690230051677,422.84847163748185,55.890665690104164,366.9578059473777,0.02936447719704735,308.6505215370717,1.4351905981699626,436.6101852215048,55.09272257735332,381.5174626441515,0.030320151751493392,303.87126622047515,,,,,,,,,,,,,1.4350818792978923,449.39188794474137,68.03976948807637,381.35211845666504,0.031207769996162597,312.55765324498,,,,,,,,,,,,,1.4018260637919109,155.56412276440727,65.69070434570312,89.87341841870415,0.010803064080861615,110.37922400429771,,,,,,,,,,,,,1.4358247915903728,78.36050230122275,54.787078857421875,23.573423443800873,0.0054417015486960246,54.19084514238976,1.4351491928100586,78.52322577839428,55.43521626790365,23.08800951049063,0.005453001790166269,54.25540512706762,,,,,,,,,,,,
pydata__xarray-9407,pydata/xarray,1.5692904790242512,90.11662894495129,66.5871988919874,23.529430052963892,0.006258099232288285,56.26260866157178,1.606113036473592,107.40589838615482,82.92847188437979,24.477426501775028,0.007458742943482973,63.018655222846775,1.5035206476847331,467.90874637977606,64.83342997481425,403.0753164049618,0.03249366294304001,310.379891573487,1.5357169310251872,472.9580700286474,63.69099426269531,409.2670757659521,0.03284431041865607,306.96068208588144,1.5352110068003337,474.1757347261192,63.904693603515625,410.27104112260355,0.03292887046709161,307.874462280872,,,,,,,1.5033209323883057,478.67837598797735,78.51405843595664,400.1643175520207,0.033241553888053985,316.76901619780807,,,,,,,1.569301684697469,498.3038553663479,78.74680582433939,419.5570495420085,0.03460443440044082,315.84133734303543,,,,,,,,,,,,,,,,,,,,,,,,,,,,,,,,,,,,,,,,,,
pydata__xarray-9415,pydata/xarray,1.485181490580241,58.837148701471364,33.576934815074004,25.260213886397356,0.0040859131042688445,39.729668503654935,1.2998838424682617,56.85637710766549,35.1508738193661,21.705503288299386,0.003948359521365659,43.6759456099873,1.4353218078613281,437.9798479937497,55.98329162349304,381.99655637025666,0.030415267221788174,304.86536336533663,1.4351636568705242,439.893427958649,55.04254150390625,384.8508864547428,0.030548154719350625,306.1521463368248,,,,,,,1.4024096330006917,440.5888479046813,67.25918579101562,373.3296621136656,0.030596447771158424,313.7090216726201,1.3689448833465576,430.7847911026219,68.06223551680644,362.7225555858155,0.029915610493237633,314.09820881414447,,,,,,,1.4354804356892903,451.8865408902797,67.54337565104167,384.3431652392381,0.031381009784047204,314.2412486517359,,,,,,,,,,,,,,,,,,,,,,,,,,,,,,,,,,,,,,,,,,
pydata__xarray-9451,pydata/xarray,1.402586301167806,92.56228305167743,70.98508707682292,21.577195974854508,0.0064279363230331545,65.062893719621,1.4357305367787678,78.74504101668795,56.66295877968272,22.082082237005235,0.005468405626158886,54.45713189815881,1.3686449527740479,422.5102589329139,55.223958333333336,367.28630059958056,0.029340990203674575,308.32961635675895,1.3358040650685628,410.89658297687157,54.042266845703125,356.85431613116845,0.028534484928949413,307.24755713665365,,,,,,,,,,,,,,,,,,,1.4021620750427246,442.64647460290587,68.21556599934895,374.43090860355693,0.030739338514090688,315.09111051491647,1.368516445159912,432.1333225485664,66.52761332442363,365.6057092241428,0.030009258510317112,315.3328098990575,1.4022070566813152,440.6243097512603,67.14791361739238,373.47639613386787,0.030598910399393074,313.6395597060848,,,,,,,,,,,,,,,,,,,,,,,,,1.4033893744150798,78.10513294176525,55.00267028808594,23.102462653679318,0.005423967565400365,55.19845726506932,,,,,,
pydata__xarray-9453,pydata/xarray,1.4037195046742756,57.208210064654544,33.3111419690152,23.897068095639344,0.003972792365601011,40.52914436632219,1.3698721726735432,56.00725241317442,32.952362060546875,23.054890352627545,0.003889392528692668,40.69279382033919,,,,,,,1.4355584780375164,440.4339175911182,55.45672098795573,384.97719660316244,0.030585688721605428,306.43579191670545,1.4361770153045654,450.65714847111536,68.52822875479858,382.12891971631683,0.03129563531049412,313.22020245045644,1.4022713502248128,440.8802300031675,67.22642517338197,373.65380482978554,0.030616682639108855,313.80922990633013,1.4352373282114665,448.40548507986966,67.68902079264323,380.7164642872264,0.03113926979721317,311.8412994900845,1.4016583760579426,440.8667242274814,68.45794169108073,372.4087825364007,0.030615744738019545,313.9391434804859,1.4689379533131917,465.0719967175944,72.58319600423177,392.48880071336265,0.03229666643872183,315.5418941743356,1.4355874061584473,450.79798368676506,68.3520812963446,382.44590239042043,0.03130541553380313,313.4964192027243,,,,,,,,,,,,,,,,,,,,,,,,,,,,,,,,,,,,
pydata__xarray-9457,pydata/xarray,1.489814281463623,56.419842641784925,31.691426595052082,24.728416046732843,0.003918044627901731,37.8358491919995,1.4864832560221355,56.768883055425505,31.807347615559895,24.96153543986561,0.00394228354551566,38.14707970485311,1.3019622961680095,397.89252799016816,47.364206947386265,350.5283210427819,0.027631425554872788,305.60987927336254,1.4352453549702961,439.0733031840623,54.30133565266927,384.771967531393,0.030491201610004324,305.5331547792754,,,,,,,,,,,,,1.4356389045715332,448.4452872609297,67.79357401529948,380.6517132456302,0.031142033837564566,311.7570443689163,1.4357673327128093,449.7227473521034,67.54250081380208,382.1802465383013,0.03123074634389607,312.6098361665665,1.402237892150879,441.271511078653,66.5515085880955,374.72000249055753,0.03064385493601757,314.2206639138586,1.4024871190388997,439.7029886923883,66.5454813639323,373.157507328456,0.030534929770304742,312.95328388950026,,,,,,,,,,,,,,,,,,,1.401883840560913,78.23290997150872,55.20465087890625,23.028259092602465,0.005432840970243661,55.364523777545784,,,,,,,,,,,,
pydata__xarray-9482,pydata/xarray,1.4698358376820881,65.58686746635577,40.63182068243623,24.955046783919542,0.004554643574052484,43.83105382005156,1.4703081448872883,68.41208257926989,43.80754089231292,24.604541686956964,0.004750839068004853,46.26465586157833,1.535441557566325,475.51850342007475,64.06180318196614,411.4567002381086,0.033022118293060745,308.4862132585289,,,,,,,,,,,,,1.5687007904052734,496.84464837206076,78.26350402583678,418.581144346224,0.03450310058139311,315.0250193328803,1.6310288111368816,514.1133229200868,78.55965678393841,435.5536661361485,0.0357023140916727,314.0006613035905,1.5356743335723877,489.2660707384822,80.71882629394531,408.5472444445369,0.03397681046795015,316.7738757442006,,,,,,,1.5359197457631428,488.055451014181,79.3562062556545,408.6992447585265,0.03389273965376257,316.2174286942504,1.5687805811564128,90.10852460034688,64.24183654785156,25.86668805249532,0.006257536430579645,56.288517482446224,,,,,,,,,,,,,,,,,,,,,,,,,,,,,,
pydata__xarray-9509,pydata/xarray,1.3700607617696126,54.182468120007805,31.626602172851562,22.555865947156242,0.003762671397222764,39.42609741580886,1.4032692909240723,55.84587168969982,32.637593588481344,23.20827810121847,0.0038781855340069317,39.5211587358412,1.4354986349741619,439.4622215272916,54.71090189615885,384.7513196311328,0.03051820982828414,305.82766844693225,1.435227870941162,438.15058914566373,54.46361796061198,383.68697118505173,0.030427124246226647,304.93240859742326,,,,,,,1.4363632202148438,450.187689427899,66.40852864583333,383.7791607820657,0.03126303398804854,312.8974883832093,1.435288906097412,450.4899408796165,66.79124959558249,383.698691284034,0.03128402367219559,313.3298075378031,1.4358372688293457,449.83518641758627,68.16229248046875,381.67289393711746,0.031238554612332377,312.7398311265823,,,,,,,1.401965061823527,439.44686558005094,66.7738037109375,372.67306186911344,0.030517143443059093,312.9960980814812,,,,,,,,,,,,,,,,,,,,,,,,,,,,,,,,,,,,
pydata__xarray-9517,pydata/xarray,1.4163507620493572,57.21007590033911,33.759368896484375,23.450707003854742,0.00397292193752355,40.11041023495323,1.2921415170033772,56.0519788699263,34.592987061167754,21.45899180875854,0.0038924985326337707,43.31159723805141,1.401760498682658,430.93840841811897,55.79236348718405,375.1460449309349,0.02992627836236937,307.0390563697246,,,,,,,1.401948054631551,430.44486547620426,55.50745137284199,374.9374141033623,0.02989200454695863,306.5810112714247,1.4360617796579997,448.01377341119445,67.23258972167969,380.78118368951476,0.031112067597999615,311.3809301330791,1.4351868629455566,447.9904393557641,68.41653442631166,379.57390492945245,0.03111044717748362,311.62843425326,1.4355952739715576,448.66017749483717,67.88329060624044,380.7768868885967,0.0311569567704748,311.99655519206897,1.4352435270945232,450.23319951050814,67.52597554276387,382.70722396774426,0.031266194410451954,313.0950922351067,1.4023610750834148,442.1499979971647,67.41967264811198,374.73032534905275,0.030704860972025325,314.70292600192687,,,,,,,,,,,,,,,,,,,1.4017707506815593,78.22209578140968,55.30409240722656,22.91800337418312,0.005432089984820116,55.473674848319625,,,,,,,,,,,,
pydata__xarray-9520,pydata/xarray,1.2365012168884277,53.03015876346784,32.21617635091146,20.813982412556378,0.003682649914129711,43.00744850924882,1.2360095977783203,51.97727128195591,31.917561848958332,20.059709432997575,0.0036095327279136048,42.17115139960685,,,,,,,1.3686962922414143,422.6104388446302,54.74056498209635,367.86987386253384,0.02934794714198821,308.5881675226697,1.4351692994435628,438.2254332479504,55.08792623132467,383.1375070166257,0.030432321753329886,305.0450186948172,,,,,,,1.4022342363993328,441.074863937921,67.82585652917624,373.2490074087448,0.030630198884577846,313.95408094532337,1.3689440091451008,432.7237942011049,68.30820211023092,364.415592090874,0.03005026348618784,315.5988981241514,1.4353541533152263,450.52777879704377,66.84530639400084,383.6824724030429,0.03128665130535026,313.32807117355657,,,,,,,,,,,,,,,,,,,,,,,,,,,,,,,,,,,,,,,,,,
pydata__xarray-9552,pydata/xarray,2.0671633084615073,69.648020277719,35.12784830791255,34.52017196980645,0.004836668074841597,33.48532460758008,1.874039093653361,67.10628741448399,35.45649210611979,31.649795308364194,0.004660158848228055,35.36652539659207,1.469045639038086,448.8150622621977,61.51304626216491,387.30201600003284,0.031167712657097068,304.6565239311781,1.50204865137736,463.3166524093939,63.20807902266582,400.10857338672804,0.03217476752843013,308.09275666188097,1.7027146816253662,537.656536975578,89.1075439453125,448.5489930302654,0.03733725951219291,315.053712802105,1.7030188242594402,542.0527091751388,87.85802205651999,454.19468711861884,0.03764254924827353,317.56377279049536,1.702715317408244,541.1508697157973,88.15481567382812,452.9960540419692,0.03757992150804148,317.11643584337924,1.7020721435546875,193.68158015391032,86.57925415039062,107.10232600351969,0.013450109732910439,113.0564257892676,,,,,,,1.669527292251587,534.1099037557353,89.00933837890625,445.10056537682914,0.03709096553859273,319.3401965714185,,,,,,,,,,,,,,,,,,,1.5017292499542236,87.92293943709797,64.08480834960938,23.8381310874886,0.006105759683131803,57.656102277628875,,,,,,,,,,,,
pydata__xarray-9561,pydata/xarray,2.1908090909322104,68.27540408243239,31.743637084340055,36.53176699809234,0.004741347505724472,30.95765154883694,1.7020635604858398,61.95864787072846,33.58702596028646,28.371621910442006,0.004302683879911699,36.62265408818178,1.4354496002197266,441.40343667508495,55.89391580969095,385.509520865394,0.030653016435769787,307.1196812950109,1.3683689435323079,418.61975413163924,54.42307027429342,364.1966838573458,0.029070816259141614,305.5915898756475,1.435344139734904,450.2408357333093,68.24891153971355,381.9919241935958,0.03126672470370204,313.18442160625756,,,,,,,1.3355594476064045,422.07944757772674,67.56019083162148,354.5192567461052,0.029311072748453244,315.43436852437515,1.4348257382710774,448.62171333373254,68.22436523685853,380.397348096874,0.03115428564817587,312.10889702469217,,,,,,,,,,,,,,,,,,,,,,,,,,,,,,,,,,,,,,,,,,,,,,,,
pydata__xarray-9586,pydata/xarray,1.977901856104533,64.3706136041383,31.596333822235465,32.774279781902834,0.004470181500287381,33.10777420007187,1.9064682324727376,63.425851874299035,31.597997030243278,31.827854844055754,0.0044045730468263225,33.97914818399443,1.4360531171162922,438.51428747260405,55.0929921468099,383.4212953257941,0.03045238107448639,304.97058815112285,,,,,,,,,,,,,,,,,,,1.4355379740397136,452.4618857894937,67.7821756998698,384.6797100896239,0.03142096429093706,314.6764518753998,1.4358160495758057,449.66428104921846,68.45827738195658,381.2060036672619,0.031226686183973503,312.70427792438164,,,,,,,1.4358648459116619,448.78747622771726,66.9005788192153,381.88689740850197,0.031165796960258143,312.0186499786363,,,,,,,,,,,,,,,,,,,,,,,,,,,,,,,,,,,,
pydata__xarray-9619,pydata/xarray,1.8302687803904216,66.73053936551848,35.998138428355254,30.732400937163227,0.0046340652337165614,37.077929923978004,2.196405569712321,67.40518090429546,31.445556640625,35.95962426367046,0.004680915340576074,30.45938464051075,1.4020539124806721,431.57123920205146,55.49540710697571,376.0758320950758,0.02997022494458691,307.5012952120302,1.3685787518819172,140.17084000787952,53.2396799698472,86.93116003803232,0.0097340861116583,102.19291085863179,1.5020190874735515,150.32842788398926,81.86795552819967,68.4604723557896,0.010439474158610367,100.09639895341076,,,,,,,1.40237291653951,439.0059780090846,66.81292215983073,372.1930558492538,0.03048652625063087,312.5684845414355,1.435503641764323,451.80466919319827,69.19864908854167,382.6060201046566,0.03137532424952766,314.15955265187984,1.4351832071940105,448.8170486418307,66.79343668619792,382.02361195563276,0.031167850600127132,312.1247900807732,1.3688595294952393,431.8071191873966,66.68878173579772,365.11833745159885,0.029986605499124762,314.9967891717031,1.435294230779012,77.40596913248632,54.972513834635414,22.4334552978509,0.005375414523089327,53.49660052659769,,,,,,,,,,,,,1.4351753393809001,78.74750896595584,55.4841054280599,23.263403537895943,0.005468577011524711,54.55009018209324,1.3687939643859863,76.38550243643559,54.62541198730469,21.760090449130896,0.005304548780308027,55.460305870012256,,,,,,
pydata__xarray-9651,pydata/xarray,1.8880259195963542,65.00409620962043,32.7239939365536,32.28010227306684,0.004514173347890308,34.83071328273884,1.5114580790201824,58.63542494912897,33.280527751271926,25.354897197857046,0.004071904510356179,38.552097207006014,1.4015960693359375,429.56477782500696,54.89142862955729,374.67334919544965,0.029830887348958817,306.24047906107967,1.4020601908365886,430.3412041058492,54.37174988041321,375.96945422543604,0.029884805840683974,306.6900261725748,,,,,,,,,,,,,1.4021633466084797,442.4880822546244,66.60005696614583,375.8880252884785,0.030728339045460025,315.00187461563337,1.3688619136810303,432.69346313595,66.89826456954081,365.7951985664092,0.03004815716221875,315.6895362707576,1.4352387587229412,452.85462337904835,66.98683674633503,385.8677866327133,0.03144823773465614,314.99186153211747,1.402087132136027,439.9526701851885,66.6251780167222,373.3274921684663,0.03055226876286031,313.3149780806116,1.4360729853312175,77.5144092968603,54.38773091634115,23.126678380519152,0.005382945090059743,53.58509592018847,,,,,,,,,,,,,,,,,,,,,,,,,,,,,,
pydata__xarray-9666,pydata/xarray,1.962724208831787,66.20234934039838,32.48468526204427,33.71766407835411,0.004597385370860999,33.65211153582976,1.8889498710632324,64.51316386200398,32.8895060227563,31.623657839247674,0.004480080823750276,34.439072421318414,1.4018719991048176,432.7204116886954,56.7281188989679,375.99229278972746,0.030050028589492735,308.40166262467693,1.3686332702636719,418.2201643755048,55.17719014485677,363.042974230648,0.029043066970521166,305.38591745924884,,,,,,,1.4353999296824138,449.65256327265,67.06616719812155,382.58639607452847,0.031225872449489586,312.6609607317166,1.4354509512583415,449.0803466418054,67.81961568196614,381.2607309598393,0.03118613518345871,312.2148055564572,1.4349059263865154,452.4177410770655,69.07413228601217,383.3436087910533,0.031417898685907324,314.74364992790356,1.3685299555460613,433.2519084355741,67.77599080403645,365.47591763153764,0.030086938085803757,316.1557564175464,,,,,,,,,,,,,,,,,,,,,,,,,,,,,,,,,,,,,,,,,,
pydata__xarray-9684,pydata/xarray,1.8728648821512859,62.79629828380671,32.18669637044271,30.609601913364006,0.004360854047486577,33.69161580814871,1.6809155941009521,60.36174688962298,32.13951110839844,28.222235781224537,0.00419178797844604,36.41150525041901,1.4015851020812988,154.99865804452608,53.98328653971354,101.01537150481253,0.010763795697536533,108.98896259944642,,,,,,,1.4020389715830486,429.6045214073791,55.755462646484375,373.8490587608947,0.029833647319956882,305.9543734244987,,,,,,,1.4355182647705078,449.7994554353125,67.48045857747395,382.31899685783856,0.031236073294118923,312.83104061711487,1.4355415503184001,447.3875553127362,68.87673441569011,378.5108208970461,0.031068580230051122,311.1365084968626,1.3688047726949055,434.8310111167224,67.11308797448874,367.7179231422336,0.03019659799421683,317.2084035244663,,,,,,,,,,,,,,,,,,,,,,,,,1.4350713888804119,78.9362368882762,55.073323567708336,23.86291332056787,0.0054816831172414026,54.56184697198082,1.435211181640625,77.6312179921468,54.599222819010414,23.031995173136394,0.005391056805010195,53.68208953841698,,,,,,
pydata__xarray-9687,pydata/xarray,1.7876625061035156,62.62989941090552,33.54522196513911,29.084677445766417,0.004349298570201773,35.47425050722163,2.0099472204844155,66.85471295193642,34.12986755309006,32.72484539884637,0.0046426883994400295,33.042501863907084,1.369145154953003,421.9205638433343,56.249450688560806,365.67111315477354,0.029300039155787105,307.7595907451052,1.4022340774536133,431.1661565763514,54.53472391764323,376.63143265870815,0.02994209420669107,307.21121358206034,1.5017213821411133,149.88185581963373,68.9223073348403,80.95954848479342,0.010408462209696786,97.61538717399002,1.4354323546091716,451.65971368479063,67.97315470377605,383.68655898101457,0.03136525789477712,314.0555623500795,1.435753583908081,447.26794381895326,66.78574625651042,380.4821975624428,0.0310602738763162,310.9415687292263,1.4355985323588054,451.1997644173569,70.04373677819967,381.15602763915723,0.03133331697342756,313.6484731342906,,,,,,,1.4021798769632976,442.340793688488,67.57184854894876,374.76894513953926,0.030718110672811667,314.8526854804357,,,,,,,,,,,,,,,,,,,1.4352433681488037,78.4995216495461,55.803731282552086,22.69579036699401,0.005451355670107368,54.23580761095658,,,,,,,,,,,,
pydata__xarray-9688,pydata/xarray,1.4367295106252034,55.979997137228644,32.68450418983897,23.295492947389683,0.003887499801196434,38.67860048689323,1.3697954018910725,56.7831588019763,33.254984536518656,23.528174265457643,0.00394327491680391,41.24264444693153,1.4017062187194824,426.90470407639344,54.94902547200521,371.9556786043882,0.029646160005305098,304.17349813864735,1.3693446318308513,420.67489644704983,54.7298838297526,365.94501261729727,0.02921353447548957,306.9665637523216,1.401967207590739,430.29914517257475,54.9769032796224,375.3222418929524,0.0298818850814288,306.5403493709267,1.4357811609903972,474.17576229166156,66.21662394454081,407.95913834712076,0.03292887238136539,327.1007304198059,1.3352595170338948,149.47081327193868,64.96901448567708,84.50179878626159,0.010379917588329074,111.35563687257188,1.3683633009592693,94.13947973858949,63.72022501627604,30.419254722313447,0.006537463870735382,67.47536482333705,,,,,,,1.4691839218139648,465.1966346386141,71.82611084232728,393.3705237962868,0.032305321849903756,315.60641212636665,,,,,,,,,,,,,,,,,,,1.4351807435353596,78.04686234683462,54.87153625488281,23.175326091951792,0.005419920996307959,53.905983810216824,,,,,,,,,,,,
pydata__xarray-9719,pydata/xarray,1.9571649233500164,66.03360303114974,32.59345499612391,33.440148035025835,0.004585666877163177,33.980951219274196,1.565215031305949,59.796408620726424,34.03858439065516,25.757824230071268,0.004152528376439335,38.25071450005196,,,,,,,1.4352861245473225,439.0333829756793,54.711822509765625,384.32156046591365,0.030488429373311064,305.5657792087021,1.435136079788208,437.6869589513673,54.68811544030905,382.9988435110582,0.03039492770495606,304.6472536905708,1.4358750979105632,449.9286953278548,67.11004638671875,382.8186489411361,0.03124504828665658,312.74278310226646,,,,,,,1.402254581451416,442.7195667620685,67.38244629402955,375.33712046803896,0.03074441435847698,315.15878838598627,,,,,,,,,,,,,,,,,,,,,,,,,,,,,,,,,,,,,,,,,,,1.4355505307515461,77.36318757754896,54.26006062825521,23.103126949293745,0.005372443581774233,53.47557946714504
pydata__xarray-9720,pydata/xarray,2.0433572133382163,73.93100350017963,40.3110300693661,33.61997343081353,0.005134097465290252,36.013819483619,2.1027472813924155,74.47515103606682,39.71023559756577,34.76491543850104,0.005171885488615751,34.771438048509154,1.5356972217559814,88.02678002830022,61.375244138141476,26.65153589015874,0.006112970835298626,56.34676436600802,1.5352264245351155,471.6759307013353,63.10440572102865,408.5715249803066,0.03275527296537051,305.9542487218334,,,,,,,,,,,,,,,,,,,1.6022753715515137,511.3141777745731,85.06816609948874,426.2460116750844,0.03550792901212313,316.75396890859923,,,,,,,,,,,,,,,,,,,,,,,,,,,,,,,,,,,,,,,,,,,,,,,,
pydata__xarray-9766,pydata/xarray,1.707830508550008,62.316506640896655,34.26953125,28.046975390896655,0.004327535183395601,37.61310441448208,2.086087147394816,67.70660350899769,31.841868082682293,35.8647354263154,0.004701847465902617,32.29308695791525,,,,,,,1.4017303784688313,429.5250985321071,54.29407755533854,375.2310209767686,0.02982813184250744,306.0263503772105,,,,,,,1.4362256526947021,450.2237717010379,66.71555582682292,383.50821587421495,0.03126553970146096,312.96895265864714,1.3359173933664958,421.6914963813214,67.28651428222656,354.4049820990948,0.029284131693147315,315.02092908010593,1.402422030766805,438.255374594246,67.37894185384114,370.8764327404049,0.030434401013489307,311.87212261602474,,,,,,,1.4355360666910808,447.57383579734295,66.59798177083333,380.97585402650964,0.031081516374815484,311.17617863715253,,,,,,,,,,,,,,,,,,,,,,,,,,,,,,,,,,,,
pydata__xarray-9782,pydata/xarray,1.2700605392456055,53.37064782299692,32.167215983072914,21.20343183992401,0.00370629498770812,42.205849807689184,1.2364829381306965,51.198197414353935,30.605346680929262,20.592850733424676,0.003555430375996801,41.49533840051003,1.368551254272461,140.82191879888194,53.69319153080384,87.12872726807811,0.009779299916589023,102.67471415032782,1.4021405378977458,429.18468251637614,55.105387369791664,374.0792951465845,0.02980449184141501,305.8733906858194,1.402984857559204,429.7099459497074,55.01569112141927,374.6942548282881,0.02984096846872968,305.9926715772357,1.4362475077311199,450.374665288902,66.77991739908855,383.5947478898135,0.03127601842284042,313.09619092775824,1.4355360666910808,451.40585529540976,67.07669576257467,384.3291595328351,0.03134762883995901,313.91711563678206,1.4357252915700276,449.15585877125795,68.99574279785156,380.16011597340633,0.031191379081337355,312.2176583741814,,,,,,,1.4025217692057292,440.0440009582079,66.59518941740195,373.44881154080593,0.030558611177653325,313.3305837284883,,,,,,,,,,,,,,,,,,,,,,,,,,,,,,,1.4353482723236084,77.54423233081731,54.97733052571615,22.566901805101168,0.005385016134084535,53.65544673325093
pydata__xarray-9881,pydata/xarray,2.1089162031809487,72.02396049162112,36.7572987874349,35.266661704186234,0.005001663923029245,34.55751001271439,2.1160399119059243,71.77992940981942,36.83238220214844,34.94754720767098,0.004984717320126349,33.18877855250222,,,,,,,1.4686277707417805,450.7391147173037,58.33604939778646,392.4030653195172,0.03130132741092387,306.32513052496813,1.5023399988810222,459.70031483540936,59.932332354287304,399.76798248112203,0.031923632974681204,305.2214880322271,,,,,,,1.568794886271159,498.9588096142596,78.83006286621094,420.1287467480487,0.034649917334323585,316.4374599940236,,,,,,,1.5366394519805908,489.7617377889529,78.45923360437155,411.3025041845814,0.03401123179089951,316.9442258659129,1.5358463923136394,490.28742593630693,78.17266337076823,412.1147625655387,0.03404773791224354,317.79365265508306,,,,,,,1.5021282037099202,83.4725903489678,59.93547566731771,23.537114681650092,0.005796707663122764,54.77419279365924,,,,,,,,,,,,,,,,,,,,,,,,
pydata__xarray-9977,pydata/xarray,1.6218883991241455,62.81236918337446,36.59701029459635,26.215358888778105,0.004361970082178782,38.56615884032033,1.514888604482015,60.92910600784668,36.44627888997396,24.48282711787272,0.004231187917211575,40.33963462838534,1.368332068125407,423.0150604296917,56.29010009765625,366.72496033203544,0.029376045863173033,308.72483220988875,1.4349501132965088,159.6258909892804,52.763285321493946,106.86260566778647,0.011085131318700028,109.3910360187955,1.4354901313781738,445.98704885178637,68.78833007564147,377.1987187761449,0.03097132283692961,310.08604390966127,1.4354030291239421,452.10760682038466,67.89033000171185,384.2172768186728,0.031396361584748934,314.45159858225225,1.4351521333058674,448.8777580409977,68.18906148274739,380.68869655825034,0.03117206653062484,312.2453717339071,1.435914675394694,452.34234244854247,69.64467875659466,382.6976636919478,0.03141266267003767,314.43254054733745,,,,,,,,,,,,,,,,,,,,,,,,,,,,,,,1.4353092511494954,78.61864538037446,55.68165079752604,22.936994582848417,0.005459628151414893,54.3772266204489,,,,,,,1.435599406560262,78.80826506250268,55.274129231770836,23.534135830731856,0.00547279618489602,54.500819195455925
pylint-dev__pylint-5596,pylint-dev/pylint,3.5372389952341714,82.91294327087377,41.877217610677086,41.03572566019669,0.005757843282699567,23.332940996956633,2.1237244606018066,63.55072262950407,39.11583455527822,24.434888074225846,0.004413244627048894,32.6065534358104,1.568403959274292,166.22076917193334,51.787933349609375,114.43283582232395,0.011543108970273148,105.17067940718971,,,,,,,,,,,,,1.636542558670044,518.9405075733387,82.77083841711283,436.1696691562259,0.036037535248148525,316.8164024920059,,,,,,,1.635367711385091,520.0678590493543,84.63552856445312,435.4323304849012,0.036115823545094045,317.6396136209542,,,,,,,,,,,,,,,,,,,,,,,,,,,,,,,,,,,,,,,,,,,,,,,,
pylint-dev__pylint-6181,pylint-dev/pylint,2.4699036280314126,78.78373557441007,50.06902567545573,28.714709898954347,0.005471092748222922,31.835246191154685,2.079939126968384,73.04545133626792,49.01779174928864,24.027659586979283,0.005072600787240828,35.38331749184771,1.4688146114349365,523.5905564374418,59.30360412597656,464.28695231146526,0.03636045530815568,349.71516099111113,,,,,,,,,,,,,1.5033427079518635,472.975424864303,71.29942321777344,401.6760016465296,0.032845515615576595,314.2343482668207,,,,,,,,,,,,,1.5691306591033936,498.2783578451938,77.38616943359375,420.89218841160005,0.03460266373924957,316.7648832058889,,,,,,,,,,,,,,,,,,,,,,,,,,,,,,,,,,,,,,,,,,
pylint-dev__pylint-7747,pylint-dev/pylint,2.1311395168304443,68.38798840056525,43.76728312174479,24.62070527882046,0.004749165861150365,31.92622362586013,2.269323190053304,71.43313437464502,45.1764170328776,26.256717341767416,0.004960634331572571,31.305297618871837,1.4350781440734863,440.49839848234916,55.50841776281595,384.9899807195332,0.030590166561274248,306.67932942395254,,,,,,,,,,,,,,,,,,,1.4027327696482341,442.81143242263795,68.44040425866842,374.3710281639695,0.030750793918238744,315.14054581557525,,,,,,,,,,,,,1.4687873522440593,461.7526874187914,72.68304951737325,389.0696379014182,0.03206615884852718,314.061837478587,,,,,,,,,,,,,,,,,,,,,,,,,,,,,,,,,,,,
scikit-learn__scikit-learn-11179,scikit-learn/scikit-learn,1.0694737434387207,47.36362181578983,29.857864379882812,17.505757435907018,0.0032891404038742937,44.3153955659247,1.1028480529785156,47.67013350110144,29.54970804726084,18.120425453840603,0.003310425937576489,43.23693160509791,1.1029680569966633,347.3409331704577,52.89762369543314,294.44330947502453,0.02412089813683734,315.35027393316955,1.1015993754069011,346.0282082683201,51.72093709309896,294.30727117522116,0.024029736685300007,314.1894287944999,,,,,,,,,,,,,1.3017611503601074,413.5113328035474,67.53748575846355,345.97384704508386,0.028716064778024124,317.6553633586823,,,,,,,,,,,,,1.2017762660980225,381.61253757618977,61.802347819010414,319.81018975717933,0.026500870665013176,317.58440637275027,,,,,,,,,,,,,,,,,,,,,,,,,,,,,,,,,,,,
scikit-learn__scikit-learn-11364,scikit-learn/scikit-learn,1.102685848871867,44.77093028786453,26.806610108663637,17.964320179200893,0.0031090923811017035,40.609411994142405,1.1029558181762695,45.278380621418904,26.421295164773863,18.857085456645045,0.0031443319875985353,41.140467174375374,1.1347566445668538,353.5411386679371,48.18966166178385,305.3514770061533,0.02455146796305119,311.57934458893413,,,,,,,1.1686172485351562,364.215673856967,53.17760213216146,311.03807172480555,0.025292755128956044,311.4373228123597,1.1017370223999023,347.6117009289905,53.492604576051235,294.11909635293927,0.024139701453402117,315.4331300559716,1.2350026766459148,388.4759686705404,58.31536356608073,330.16060510445965,0.026977497824343083,314.3802373869837,1.1680475076039631,364.53323158489997,54.469482424358524,310.0637491605414,0.025314807748951385,311.8488309854946,,,,,,,1.1351045767466228,117.9633934718728,57.17936706791321,60.78402640395959,0.008191902324435611,103.15842040499241,1.1682910124460857,67.32495353519916,49.12974548339844,18.195208051800726,0.004675343995499942,57.46396623474163,,,,,,,,,,,,,1.1687015692392986,70.4811356297334,51.220235188802086,19.26090044093132,0.004894523307620376,60.16014779764745,,,,,,,,,,,,
scikit-learn__scikit-learn-11526,scikit-learn/scikit-learn,1.503706932067871,72.53573613947935,47.56104024375478,24.974695895724572,0.005037203898574955,48.3950360583717,1.4700369834899902,72.33433299718148,48.74967956542969,23.58465343175179,0.005023217569248714,49.27467462970335,,,,,,,,,,,,,1.5690382321675618,510.0467474883298,92.9515889485677,417.0951585397621,0.035419913020022904,325.01135399142106,,,,,,,1.5356667041778564,499.2445123273826,91.20602416992188,408.03848815746073,0.03466975780051268,325.12373041491986,,,,,,,1.535852591196696,502.159845268636,92.36774698644876,409.7920982821872,0.03487221147698861,326.98257854042134,1.5691542625427246,512.9005333856954,91.77708435058594,421.1234490351095,0.03561809259622885,326.7742206662409,,,,,,,,,,,,,,,,,,,,,,,,,,,,,,,,,,,,
scikit-learn__scikit-learn-11674,scikit-learn/scikit-learn,1.1367689768473308,42.16487353918949,23.087366739908855,19.07750679928064,0.0029281162179992707,37.11358099803894,1.1364590326944988,41.2738504738556,22.76683044185241,18.50702003200319,0.0028662396162399723,36.33822170207974,,,,,,,,,,,,,1.1682922840118408,358.0904307931026,45.587707517047726,312.5027232760549,0.02486739102729879,306.3008650158006,,,,,,,1.1350955963134766,355.0489362768067,50.36615498860677,304.6827812881999,0.0246561761303338,312.5455347203584,,,,,,,,,,,,,,,,,,,,,,,,,,,,,,,,,,,,,,,,,,,,,,,,,1.1016974449157715,58.53801684197585,41.47026062011719,17.06775622185866,0.004065140058470545,53.13438879047677
scikit-learn__scikit-learn-11754,scikit-learn/scikit-learn,1.070191224416097,44.817595240900914,26.62893168007334,18.188663560827575,0.0031123330028403414,42.10298731557966,1.0695563952128093,44.285551644108516,26.699869791666668,17.585681852441848,0.003075385530840869,41.39932667159526,,,,,,,1.168218453725179,277.2183940130989,48.432230633993946,228.78616337910495,0.019251277362020758,244.8890340722246,,,,,,,,,,,,,,,,,,,,,,,,,,,,,,,,,,,,,,,,,,,,,,,,,,,,,,,,,,,,,,,,,,,,,,,,
scikit-learn__scikit-learn-12116,scikit-learn/scikit-learn,1.1028718153635662,49.833070944729776,32.23833211387197,17.594738830857807,0.0034606299267173454,45.145050831367335,1.069545825322469,49.17077558957848,31.466110229492188,17.70466536008629,0.0034146371937207277,45.86807968834525,1.168179988861084,370.84412706112863,57.04598490397135,313.79814215715726,0.025753064379245044,317.23244389428277,1.1350055535634358,360.01300366439386,54.8794199625651,305.1335837018288,0.025000903032249576,316.9881871132287,1.10152800877889,352.6734619473276,57.17229715983073,295.50116478749686,0.02449121263523108,319.9578925875804,1.1685574054718018,373.2956206655224,60.1173400854071,313.1782805801153,0.02592330699066128,319.1937718825656,1.2685085932413738,411.4184470154426,73.00285339603822,338.4155936194044,0.028570725487183514,324.4244313502162,,,,,,,1.2028273741404216,391.385864047381,70.71475219726562,320.6711118501154,0.02717957389217924,325.70317797419483,,,,,,,,,,,,,,,,,,,,,,,,,,,,,,,,,,,,,,,,,,
scikit-learn__scikit-learn-12117,scikit-learn/scikit-learn,1.1696664492289226,48.78678991421726,29.85912577311198,18.927664141105282,0.003387971521820643,41.70594641900156,1.102806568145752,47.29518394302108,28.880020142843325,18.41516380017775,0.003284387773820908,42.98313411860981,,,,,,,,,,,,,1.2218232949574788,381.2106929744204,54.40080261478821,326.80989035963216,0.026472964789890304,312.1182895303776,1.235031286875407,393.71073497627845,62.544342041015625,331.1663929352628,0.027341023262241557,318.54536348262945,1.202214002609253,381.35736926327365,62.14448547363281,319.21288378964084,0.026483150643282893,317.2343995876361,1.235460678736369,391.9814535980688,63.48359680175781,328.497856796311,0.027220934277643667,317.0957866343664,1.2014708518981934,382.9579125959586,62.27625020345052,320.6816623925081,0.026594299485830458,318.7329983773141,1.3019580046335857,413.4633274889853,67.24331156412761,346.2200159248577,0.02871273107562398,317.5705142722631,,,,,,,,,,,,,,,,,,,,,,,,,,,,,,,,,,,,
scikit-learn__scikit-learn-12155,scikit-learn/scikit-learn,1.1361114184061687,45.7269458426502,26.942281087239582,18.784664755410617,0.003175482350184042,40.12238331585245,1.136609156926473,44.85613358588652,26.755833943684895,18.100299642201627,0.003115009276797675,39.34090862955373,1.1347951889038086,354.058524711524,49.27607726802429,304.7824474434997,0.02458739754941139,311.80464072283803,1.1355371475219727,352.6738597038971,48.37574767818054,304.2981120257166,0.024491240257215077,310.407246806392,1.1682790120442708,360.0511925189031,49.514282224078976,310.53691029482417,0.02500355503603494,307.9016777786702,,,,,,,1.235295057296753,394.53141929729117,62.89786275476217,331.633556542529,0.027398015228978553,319.0782636096629,,,,,,,1.2020385265350342,379.8622344911683,60.32405090332031,319.538183587848,0.026379321839664464,315.73487143276606,1.2351951599121094,390.7031414779663,60.9248301188151,329.77831135915125,0.02713216260263655,316.0850885668284,1.1682034333546956,69.21569843963782,50.300699869791664,18.914998569846155,0.004806645724974849,59.027990991539156,,,,,,,1.1683733463287354,70.02337704605262,50.81600443522135,19.20737261083126,0.0048627345170869874,59.72425725084413,,,,,,,,,,,,,,,,,,
scikit-learn__scikit-learn-12172,scikit-learn/scikit-learn,1.1365521748860676,51.01193123491804,32.49809265260895,18.513838582309088,0.003542495224647086,44.78519460905053,1.0692109266916912,49.41771099004531,32.304321287820734,17.113389702224573,0.003431785485419813,46.14031922299525,,,,,,,1.1683800220489502,369.34848634509507,56.956909182171024,312.391577162924,0.0256492004406316,316.00797866700594,,,,,,,1.2353765964508057,395.39649815288385,66.84762064615886,328.548877506725,0.027458090149505822,319.9693637740986,1.2683417797088623,411.01701965444016,73.27417500813802,337.7428446463021,0.0285428485871139,324.1018510174235,1.26914381980896,414.5218510422207,74.51261393229167,340.009237109929,0.02878623965570977,326.6808251005239,1.235217809677124,400.1787448794709,68.67894999186198,331.49979488760897,0.027790190616629924,323.70122746739156,1.3019935290018718,416.8982028547791,73.29595438639323,343.6022484683858,0.028951264087137434,320.19994364650915,,,,,,,,,,,,,,,,,,,,,,,,,,,,,,,,,,,,
scikit-learn__scikit-learn-12211,scikit-learn/scikit-learn,1.1361948649088542,48.138363173439544,29.369191486388445,18.769171687051102,0.003342941887044413,42.44019718209063,1.102841059366862,46.767017121490504,29.110402426371973,17.656614695118535,0.0032477095223257296,42.52967011937996,,,,,,,,,,,,,,,,,,,,,,,,,1.1020358403523762,348.87776352705777,55.74528503417969,293.1324784928781,0.024227622467156793,316.49505154085705,,,,,,,1.202183723449707,382.08623538818614,62.570871986448765,319.5153634017374,0.026533766346401817,317.718320361858,1.2351729075113933,391.96138793643314,62.86430358886719,329.09708434756595,0.02721954082891897,317.1411905563981,,,,,,,,,,,,,,,,,,,,,,,,,,,,,,,,,,,,
scikit-learn__scikit-learn-12230,scikit-learn/scikit-learn,1.1028831005096436,46.80231801336372,29.34141032025218,17.460907693111537,0.003250160973150258,42.409201145688876,1.0365262826283772,48.51532128823797,31.61502583945791,16.900295448780057,0.0033691195339054145,46.949899509205416,1.2350343068440754,389.4232088642385,58.39519246419271,331.02801640004583,0.027043278393349898,315.1480731227978,1.2350975672403972,387.00439148193465,57.55953979988893,329.44485168204574,0.02687530496402324,313.162705207212,1.3019908269246419,411.8901905476716,66.06261698901653,345.82757355865505,0.028603485454699415,316.353996762055,,,,,,,1.3020357290903728,414.07351428129937,68.79219563553731,345.2813186457621,0.02875510515842357,318.019953378829,1.3021496136983235,415.95646535553533,70.25175475825866,345.7047105972767,0.028885865649689955,319.43828066729725,1.2684694925944011,407.4720334095184,68.93361917883158,338.53841423068684,0.028296668986772112,321.26390442824635,1.3019501368204753,414.14576411433353,67.2164866104722,346.92927750386133,0.028760122507939828,318.09648733308984,,,,,,,,,,,,,,,,,,,,,,,,,1.201715628306071,75.72600322277185,56.73529561360677,18.990707609165074,0.0052587502238036,62.91391755827626,,,,,,
scikit-learn__scikit-learn-12246,scikit-learn/scikit-learn,1.3039595286051433,59.141962251745994,38.04122416302562,21.100738088720377,0.004107080711926805,45.35547748352822,1.2029263973236084,57.752975672302824,37.483296712239586,20.26967896006324,0.004010623310576585,48.01041765075097,,,,,,,1.2684388160705566,408.4105042535169,67.10038757075866,341.31011668275823,0.028361840573160893,322.01234572780896,,,,,,,,,,,,,1.2684981028238933,413.47779464128223,74.47571309407552,339.00208154720667,0.02871373573897793,326.02623059397905,1.3686357339223225,444.9003021325866,79.54201253503561,365.358289597551,0.03089585431476296,324.90904955537695,1.268717606862386,413.3881607139213,73.11209106693666,340.27606964698464,0.028707511160688978,325.9719014518637,1.3018163839975994,419.3906452735,72.8894348119696,346.5012104615304,0.029124350366215277,322.15796157025886,1.234927813212077,82.18760990839534,62.95390828450521,19.233701623890134,0.005707472910305232,66.41806365142928,1.2351431846618652,84.9131094059017,65.26780700683594,19.64530239906576,0.005896743708743174,68.54392043926842,,,,,,,1.3018876711527507,92.27465310743783,70.80380249023438,21.470850617203446,0.006407962021349849,70.87756097566108,,,,,,,,,,,,
scikit-learn__scikit-learn-12379,scikit-learn/scikit-learn,1.1028344631195068,47.71799251028103,29.01983133951823,18.6981611707628,0.003313749479880627,43.26679620855671,1.1042654514312744,47.69683084675417,29.465301512430113,18.231529334324055,0.003312279919913484,43.15765299080606,1.169350544611613,365.93305026257434,52.27656046797832,313.65648979459604,0.025412017379345442,312.8231372627292,1.1682246526082356,170.09540081299807,51.75291443119446,118.34248638180361,0.011812180612013756,142.8348181182432,,,,,,,1.2353126207987468,392.9378110501024,63.53692626953125,329.4008847805712,0.027287347989590448,317.8260066787619,1.1351787249247234,359.1587841832743,57.313781735797726,301.84500244747653,0.024941582234949602,316.19637147609984,1.2351447741190593,392.87589019894733,63.05638630936543,329.8195038895819,0.027283047930482453,317.85914841332556,,,,,,,,,,,,,,,,,,,,,,,,,,,,,,,,,,,,,,,,,,,,,,,,
scikit-learn__scikit-learn-12446,scikit-learn/scikit-learn,1.136356274286906,50.68181950595644,32.08442687988281,18.597392626073624,0.0035195707990247527,44.54740793038239,1.1362468401590984,51.16550262635946,32.25859070072571,18.906911925633747,0.003553159904608296,44.9705749752707,1.235575755437215,392.4746042814387,61.16781107584635,331.3067932055923,0.02725518085287769,317.46471211722707,,,,,,,,,,,,,,,,,,,1.2019299666086833,386.9918463437866,68.49749755611022,318.49434878767636,0.02687443377387407,321.7141146905284,,,,,,,1.301648219426473,424.3801678488453,74.54849243164062,349.8316754172047,0.02947084498950315,326.0329410088635,1.1014037132263184,348.8112705659814,56.24480692545573,292.5664636405256,0.024223004900415374,316.64555202046523,1.1683448950449626,75.28645087394185,56.65440877278646,18.63204210115539,0.005228225755134851,64.17575279372909,,,,,,,,,,,,,,,,,,,,,,,,,,,,,,
scikit-learn__scikit-learn-12514,scikit-learn/scikit-learn,1.1027905941009521,49.67565512048867,31.980860393494368,17.694794726994303,0.0034496982722561575,44.982288449420224,1.1028717358907063,49.65330132894895,31.659225462625425,17.994075866323527,0.003448145925621455,44.906776696661915,,,,,,,1.1345986525217693,127.2284835073961,53.868214927613735,73.36026857978239,0.008835311354680285,111.72533928616366,,,,,,,,,,,,,1.1694688002268474,372.31166081361374,61.29911804199219,311.01254277162155,0.025854976445389845,318.00942414153525,,,,,,,1.1351207097371419,362.8086448719696,61.072855631510414,301.73578924045916,0.025195044782775667,319.3504689278114,1.1685400009155273,379.50253944058073,68.76218668371439,310.74035275686634,0.026354343016706996,324.4998706010987,,,,,,,,,,,,,,,,,,,1.1680954297383626,75.02587981060346,56.737335205078125,18.288544605525335,0.005210130542403018,63.822372221336224,,,,,,,,,,,,
scikit-learn__scikit-learn-12543,scikit-learn/scikit-learn,1.670885483423869,108.15571054401,81.12550862754385,27.030201916466158,0.007510813232222917,64.63234234033972,1.3031472365061443,58.31107474625472,36.90507507324219,21.40599967301253,0.004049380190712133,44.95827261174996,1.4350559711456299,466.8362008995694,83.53954060624044,383.296660293329,0.03241918061802566,325.3830534656505,1.6358834107716878,334.89177301546533,108.05332437902689,226.83844863643844,0.02325637312607398,206.3048332243674,1.7038547197977703,573.1784564048648,120.95967610677083,452.218780298094,0.039804059472560056,336.4007291837723,,,,,,,1.6706689993540447,569.8944165836473,125.85274251550436,444.041674068143,0.03957600115164217,341.13654081301945,1.6715875466664631,567.4003594143093,122.54376729329427,444.856592121015,0.03940280273710481,339.52473987276846,1.5020728905995686,492.1097970775744,91.24466451009114,400.8651325674833,0.034174291463720446,327.62041970706133,1.6696605682373047,570.2147730065038,123.51228332271178,446.702489683792,0.03959824812545165,341.5655184521663,,,,,,,,,,,,,,,,,,,1.5024488766988118,109.6017461769114,85.34035237630208,24.261393800609326,0.007611232373396625,72.94831616945852,,,,,,,,,,,,
scikit-learn__scikit-learn-12567,scikit-learn/scikit-learn,1.0696243445078533,50.28156856822878,32.11112976198395,18.17043880624482,0.003491775595015887,46.849820639227424,1.1362660725911458,51.58289662872288,32.182790122926235,19.400106505796643,0.003582145599216867,45.30975221819657,,,,,,,1.1348038514455159,360.8224801069211,56.69944763431946,304.12303247260166,0.025057116674091745,317.80470665820206,,,,,,,1.2350199222564697,395.70191815339194,66.28018697102864,329.4217311823633,0.02747929987176333,320.04887135718826,,,,,,,1.1687400341033936,369.88272356481485,60.30792236328125,309.5748012015336,0.025686300247556585,316.1678685383884,,,,,,,,,,,,,,,,,,,,,,,,,1.2348990440368652,82.07532756728597,62.22246805826823,19.852859509017733,0.005699675525505969,66.33549202645246,,,,,,,,,,,,,,,,,,
scikit-learn__scikit-learn-12581,scikit-learn/scikit-learn,1.336669127146403,69.7339104213143,47.06933084999522,22.66457957131909,0.004842632668146826,52.42899345197649,1.3702251116434734,70.1468371954986,47.318929036458336,22.82790815904027,0.004871308138576292,51.2447747739358,1.3351887861887615,436.08244070484244,77.70737202962239,358.37506867522,0.030283502826725168,326.3825246281366,,,,,,,,,,,,,1.3018397490183513,415.78891873046973,70.75484720865886,345.03407152181086,0.02887423046739373,319.38560323692735,1.335065444310506,164.72069009068792,80.8072865853707,83.91340350531722,0.011438936811853328,123.33828428434175,,,,,,,1.3685937722524006,194.48598734597175,88.85256449381511,105.63342285215666,0.013505971343470261,142.79029842337522,1.302955150604248,434.12103923611824,85.1669921875,348.95404704861824,0.030147294391397104,333.0853893430315,,,,,,,1.2688072522481282,96.2117638138641,75.01122029622395,21.200543517640142,0.006681372487073896,75.98868262754664,1.302571694056193,96.48953528773785,75.69303894042969,20.79649634730816,0.006700662172759573,74.07546572010823,1.3018046220143635,94.90562387881013,73.871826171875,21.03379770693514,0.006590668324917371,72.90288842868422,,,,,,,,,,,,
scikit-learn__scikit-learn-12625,scikit-learn/scikit-learn,1.0698627630869548,53.881950763488156,36.60184224322438,17.280108520263774,0.003741802136353344,50.382328839042785,1.0695754686991374,53.377330004980266,36.39153035481771,16.98579965016256,0.0037067590281236297,49.87254789610349,,,,,,,1.1680973370869954,377.46138058248715,64.95799255371094,312.5033880287762,0.02621259587378383,323.177166476425,,,,,,,1.3020832538604736,483.97083709663815,76.64017232259114,407.33066477404697,0.03360908590948876,371.6854596756858,,,,,,,1.1682546933492024,370.7620761264682,60.38007100423177,310.3820051222364,0.0257473663976714,317.164812970389,,,,,,,1.3019919395446777,421.8944532727864,74.94634501139323,346.94810826139314,0.029298225921721276,324.0377196223011,,,,,,,,,,,,,,,,,,,,,,,,,,,,,,,,,,,,
scikit-learn__scikit-learn-12656,scikit-learn/scikit-learn,1.371022383371989,69.67163625401845,47.210957846293844,22.460678407724608,0.004838308073195726,51.17549778604031,1.337307612101237,67.20631228375488,46.35233052695791,20.85398175679698,0.0046671050197052005,50.53429749823647,,,,,,,1.2348096370697021,391.96305958175657,59.6431630452474,332.3198965365092,0.02721965691539976,317.36006186012435,,,,,,,,,,,,,,,,,,,,,,,,,,,,,,,,,,,,,,,,,,,,,,,,,,,,,,,1.1682041486104329,76.59024583252271,57.71992492675781,18.8703209057649,0.005318767071702966,65.43989867787111,,,,,,,,,,,,
scikit-learn__scikit-learn-12701,scikit-learn/scikit-learn,1.4702020486195881,116.48782953223281,92.1689554862678,24.318874045965,0.008089432606405055,79.96091632315036,1.4713212649027507,110.54766190484527,87.91058349361022,22.63707841123504,0.007676920965614254,75.32054322985368,1.501991828282674,130.06912165672495,105.02203368892272,25.04708796780223,0.009032577892828122,86.55898970925166,1.5687228043874104,524.1983528371737,104.72293599446614,419.47541684270755,0.0364026633914704,334.1279040276823,,,,,,,,,,,,,1.6692150433858235,566.8666469003688,122.52003478755553,444.3466121128132,0.039365739368081167,339.6716530508419,,,,,,,,,,,,,1.669036070505778,659.3829610543946,122.17477417488892,537.2081868795057,0.045790483406555185,388.83299321002283,,,,,,,,,,,,,,,,,,,,,,,,,,,,,,,,,,,,
scikit-learn__scikit-learn-12760,scikit-learn/scikit-learn,1.1032567024230957,50.04431870728069,32.399749755859375,17.644568951421313,0.0034752999102278252,45.5196309184401,1.0695682366689045,49.37609015806737,32.6463063582778,16.72978379978957,0.0034288951498657894,46.23339749224676,,,,,,,1.1348729133605957,361.29916668326024,57.60624185949564,303.6929248237646,0.02509021990855974,318.2590693042805,1.2350149154663086,394.0810517300208,65.16648356368144,328.9145681663394,0.02736673970347367,318.9085182334037,1.2697803179423015,407.5470113055092,70.0634765625,337.4835347430092,0.028301875785104808,321.0499669542785,1.1015214920043945,128.7716394560343,59.48151652266582,69.2901229333685,0.008942474962224604,116.74000462711662,,,,,,,,,,,,,1.1356534957885742,364.44373395071426,61.04616801192363,303.39756593879065,0.025308592635466268,320.84471932000395,,,,,,,,,,,,,,,,,,,1.1690825621287029,80.03280834933122,60.64241027832031,19.390398071010907,0.0055578339131480015,68.23729273550556,,,,,,,,,,,,
scikit-learn__scikit-learn-12859,scikit-learn/scikit-learn,1.403470516204834,105.39221652266995,83.55138143027823,21.840835092391725,0.007318903925185413,75.09311531629761,1.4706265926361084,105.78540246358317,81.98798624798656,23.79741621559662,0.007346208504415498,72.08313823330576,,,,,,,1.5020943482716878,509.76644620494903,107.8589528426528,401.90749336229624,0.03540044765312146,339.37060007419285,,,,,,,,,,,,,1.4688751697540283,504.4111245815979,113.56393432368834,390.8471902579095,0.03502855031816652,343.4952613889515,,,,,,,1.502156416575114,514.9728949834931,114.44945272058249,400.52344226291063,0.03576200659607592,342.82242948784904,,,,,,,1.4351212978363037,129.60731219301528,107.19737752278645,22.409934670228807,0.009000507791181616,90.20322700828088,,,,,,,,,,,,,,,,,,,,,,,,,,,,,,
scikit-learn__scikit-learn-12931,scikit-learn/scikit-learn,1.1363991101582844,50.320746889445516,32.30969746907552,18.011049420369996,0.00349449631176705,44.39600927058778,1.036847194035848,49.62261986104095,32.75316365559896,16.869456205441995,0.003446015268127844,48.036983617420155,1.1682960192362468,370.2862032122506,56.8216552734375,313.4645479388131,0.025714319667517405,316.9653445811698,,,,,,,1.1346192359924316,125.01415852058764,53.7816467260321,71.23251179455555,0.008681538786151919,110.0100759662114,,,,,,,1.2351915836334229,394.3091506291747,64.7839406306545,329.5252099985202,0.0273825799048038,319.093481237694,,,,,,,1.2018851439158122,386.1394959923307,65.0788421606024,321.0606538317283,0.026815242777245188,321.2055720633118,1.134919802347819,361.80552321983356,59.259674072265625,302.54584914756794,0.025125383556932886,318.75212846258535,1.1682787736256917,74.86942300796906,57.10991923014323,17.75950377782583,0.005199265486664518,63.963960655670284,,,,,,,,,,,,,,,,,,,,,,,,,,,,,,
scikit-learn__scikit-learn-12989,scikit-learn/scikit-learn,1.1363522211710613,51.103521807696424,32.715952556580305,18.387569251116116,0.0035488556810900295,45.07588476449221,1.1026562054951985,49.83847971805569,33.03592936322093,16.802550354834757,0.0034610055359760895,45.20636373273663,1.1693655649820964,370.0030799826635,57.091552731891476,312.91152725077205,0.025694658332129413,316.26025386091015,1.1684612433115642,374.2528725757844,60.912211100260414,313.340661475524,0.025989782817762805,320.4486565393097,1.2349101702372234,392.1202346280177,61.04907735188802,331.0711572761297,0.027230571849167898,317.4429224203071,1.3019481499989827,415.94459010432826,69.59414672851562,346.35044337581263,0.028885040979467237,319.4785104167687,1.2017929553985596,388.59278344395665,69.93195088704427,318.6608325569124,0.026985609961385878,323.34420314835074,1.2348666191101074,400.4419634825629,71.77900695304076,328.66295652952215,0.027808469686289094,324.40894548689755,,,,,,,1.201706886291504,139.2468824863169,63.909372963011265,75.33750952330563,0.009669922394883118,115.864853809499,,,,,,,,,,,,,,,,,,,1.2350775400797527,81.8221212488201,62.06321716308594,19.758904085734155,0.005682091753390284,66.24419773573851,,,,,,,,,,,,
scikit-learn__scikit-learn-13124,scikit-learn/scikit-learn,1.0360199610392253,82.5962213529818,66.9319559733073,15.664265379674507,0.00573584870506818,79.88984478882253,1.1352451642354329,81.54302797252492,64.03978475307424,17.503243219450667,0.005662710275869786,71.76222637041933,1.134856144587199,363.1563131872371,60.03067525476217,303.12563793247494,0.025219188415780358,319.86999917432416,1.135419209798177,360.7324193052822,59.73373413582643,300.99868516945577,0.025050862451755706,317.63426032099846,,,,,,,,,,,,,1.2684218088785808,411.5437020476262,74.67888895670573,336.86481309092045,0.028579423753307374,324.51860539462905,,,,,,,,,,,,,1.201708714167277,383.1405201571268,64.22910563151042,318.91141452561635,0.02660698056646714,318.72708692837415,,,,,,,,,,,,,,,,,,,,,,,,,,,,,,,,,,,,
scikit-learn__scikit-learn-13151,scikit-learn/scikit-learn,1.103728453318278,66.48390223483642,49.24015807857116,17.243744156265258,0.004616937655196974,60.22900865753998,1.2355562051137288,79.43346027181744,60.714986166606344,18.7184741052111,0.0055162125188762115,64.24749628284675,1.1349403063456218,358.5816650578499,56.08821105957031,302.49345399827956,0.02490150451790624,316.15189448903556,1.1682612895965576,367.7644616803725,55.50715637455384,312.2573053058187,0.02553919872780365,314.7212358163977,,,,,,,1.3021361033121746,417.18785930797793,68.99344380199909,348.19441550597884,0.028971379118609576,320.38734789110714,1.1681199073791504,378.1811462660452,65.25356038411458,312.9275858819306,0.026262579601808694,323.71000137040994,1.2020902633666992,385.5793014087478,65.21376037349303,320.3655410352548,0.02677634037560749,320.82146862801017,,,,,,,1.201844851175944,385.2128279653159,64.34307861328125,320.86974935203466,0.026750890830924714,320.4443365917759,,,,,,,,,,,,,,,,,,,,,,,,,,,,,,,,,,,,
scikit-learn__scikit-learn-13174,scikit-learn/scikit-learn,1.5026551087697346,103.08115844739325,80.27998352174957,22.801174925643664,0.007158413781068975,69.72281716568142,1.4359958966573079,96.49110359366124,75.1596577949822,21.331445798679038,0.0067007710828931415,66.93900459736226,1.5362688700358074,271.69731527654005,75.81501769771178,195.88229757882823,0.018867869116426392,182.87919936865617,,,,,,,,,,,,,,,,,,,1.5038227240244548,489.8209046041625,90.07389831542969,399.7470062887328,0.03401534059751128,325.7119732403759,1.5038068294525146,494.0298001956337,91.45322163899739,402.5765785566363,0.034307625013585676,328.48173942221564,1.5037836233774822,491.86724091762824,90.90352885425091,400.96371206337733,0.034157447285946406,327.0735805035022,,,,,,,,,,,,,,,,,,,,,,,,,,,,,,,,,,,,,,,,,,
scikit-learn__scikit-learn-13186,scikit-learn/scikit-learn,1.2021478017171223,85.46988881576834,66.23718261594574,19.2327061998226,0.005935408945539468,71.252937423728,1.0700456301371257,50.327452718677044,32.94701639687022,17.380436321806826,0.0034949619943525725,47.09509204785602,,,,,,,1.1682519912719727,368.7782324860268,55.878082275390625,312.9001502106362,0.025609599478196306,315.6199686875642,,,,,,,,,,,,,1.1683508555094402,137.62872562075023,63.727315266927086,73.90141035382314,0.009557550390329878,117.77764223914564,1.3033013343811035,417.42723934258356,70.17591857910156,347.251320763482,0.028988002732123857,320.2840855735994,1.2366093794504802,400.2117823522813,70.04655456542969,330.16522778685163,0.02779248488557509,323.73737483061757,1.2352721691131592,398.7536269703923,70.62648518880208,328.12714178159024,0.027691224095166132,322.883931396258,,,,,,,,,,,,,,,,,,,,,,,,,,,,,,,,,,,,
scikit-learn__scikit-learn-13243,scikit-learn/scikit-learn,1.1034709612528484,43.826344114385044,26.308227540304262,17.518116574080786,0.0030434961190545172,40.00104870016617,1.1364697615305583,43.88422240429675,26.358952837685745,17.52526956661101,0.00304751544474283,38.675978304376564,1.1348092555999756,352.82000723140766,48.25355530033509,304.5664519310726,0.024501389391069977,310.86998750683404,1.1019002596537273,271.1003713641432,47.17882283528646,223.92154852885673,0.0188264146780655,239.45291317263823,1.1681931813557942,118.94753304502036,45.25099691003561,73.69653613498475,0.008260245350348637,101.5079969356334,,,,,,,1.1016545295715332,347.33054045302384,53.57786559810241,293.7526748549214,0.024120176420348877,315.13510082680693,1.168439229329427,365.1396061538259,54.01646931966146,311.1231368341645,0.025356917094015687,312.31057863482727,1.1687342325846355,364.81789629119237,53.00433349609375,311.8135627950986,0.025334576131332803,312.0010703531101,1.1680699189503987,363.20291049079765,52.51638794193665,310.686522548861,0.025222424339638724,310.7911722511362,,,,,,,,,,,,,,,,,,,,,,,,,,,,,,,,,,,,
scikit-learn__scikit-learn-13253,scikit-learn/scikit-learn,1.1695027351379395,45.245917273600234,26.37089538698395,18.875021886616285,0.0031420775884444608,38.68065606553568,1.1700647672017415,44.685996621563035,26.404317221293848,18.28167940026919,0.003103194209830766,38.16998611905119,,,,,,,1.1348249117533367,123.18681265207384,45.39173888911804,77.79507376295581,0.008554639767505128,108.13976141993042,1.1682990392049153,358.8590863141007,48.33497111002604,310.52411520407463,0.02492076988292366,307.09331619555616,1.168651024500529,364.1991733687838,53.06249491622051,311.1366784525633,0.025291609261721096,311.4789527759483,1.168577750523885,363.27016378685767,52.91222127030293,310.3579425165547,0.025227094707420673,310.6849745392704,1.2349083423614502,388.1701148270448,59.15367635091146,329.0164384761334,0.026956257974100336,314.19706686628535,1.1351265907287598,355.7551701365224,53.580078125,302.1750920115224,0.024705220148369608,313.3957973747699,1.1685392061869304,294.9115058143669,51.48529561360677,243.42621020076012,0.020479965681553254,248.5829375044009,,,,,,,,,,,,,,,,,,,,,,,,,,,,,,,,,,,,
sphinx-doc__sphinx-12598,sphinx-doc/sphinx,1.3730301062266033,60.74955764366009,36.62612406288584,24.12343358077425,0.004218719280809729,43.81871232507605,1.437326987584432,62.153695067021786,36.10736083984375,26.046334227178036,0.004316228824098735,42.966411597161084,1.4352440039316814,439.6932290641698,54.73150126387676,384.9617278002931,0.03053425201834513,306.0726290319355,1.3690770467122395,85.75132245022118,62.31414286295573,23.43717958726546,0.005954952947932027,63.421736950951576,,,,,,,1.435036261876424,449.5757985693928,66.9003397623698,382.675458807023,0.031220541567318946,312.6632379279876,1.3684364159901936,150.96227574864844,64.98971048990886,85.97256525873958,0.01048349137143392,109.88331852813648,1.4359294573465984,448.7420645843711,68.23202006022136,380.51004452414975,0.031162643373914663,311.881893444029,1.401867151260376,442.1649985697901,66.64138285567363,375.5236157141165,0.030705902678457648,315.0059981284348,1.3686328728993733,433.445385627808,67.58580017338197,365.859585454426,0.03010037400193111,316.12933872491516,,,,,,,,,,,,,,,,,,,,,,,,,,,,,,,,,,,,
sphinx-doc__sphinx-12615,sphinx-doc/sphinx,2.2260385354359946,74.00392237306622,36.97393798766037,37.02998438540585,0.0051391612759073765,33.029577584617144,2.4704411824544272,83.92004389286305,41.604787189513445,42.315256703349604,0.005827780825893267,33.74592627776194,,,,,,,,,,,,,,,,,,,1.6354555288950603,517.6083108250755,81.99400329589844,435.614307529177,0.035945021585074684,316.09438475721987,,,,,,,1.4692000548044841,464.58476771538704,74.23024495442708,390.35452276096,0.032262831091346325,315.2432946128675,1.5019970734914143,478.2058011544467,78.06785075118144,400.1379504032653,0.03320873619128102,317.5582979023976,,,,,,,1.4353581269582112,78.49198112435143,55.6329600016276,22.859021122723817,0.005450832022524404,54.18141476203371,,,,,,,,,,,,,1.301587184270223,68.38613913934127,47.97944132486979,20.406697814471478,0.0047490374402320325,52.54058406304847,,,,,,,,,,,,
sphinx-doc__sphinx-9547,sphinx-doc/sphinx,2.074411471684774,66.36866920904981,28.976425169656675,37.392244039393134,0.0046089353617395695,31.989220760279633,2.071331739425659,64.35397978722176,27.740961709370215,36.61301807785155,0.004469026374112623,31.07157814819521,,,,,,,,,,,,,,,,,,,,,,,,,,,,,,,1.4355067412058513,448.48412738149364,67.91222635904948,380.5719010224442,0.031144731068159282,311.9273346236175,1.4019936720530193,440.5068484051961,67.16265360762675,373.3441947975693,0.03059075336147195,313.7560143208493,,,,,,,,,,,,,,,,,,,,,,,,,,,,,,,,,,,,,,,,,,
sympy__sympy-14278,sympy/sympy,2.071830987930298,72.57334725157054,36.20933532590667,36.36401192566387,0.005039815781359065,35.0268377762,2.0723183949788413,71.15381469486789,34.16440327838063,36.98941141648726,0.004941237131588048,34.340365268083744,,,,,,,,,,,,,,,,,,,1.569506088892619,496.30434076709616,77.00961812337239,419.2947226437238,0.03446557921993723,314.50874629275114,,,,,,,,,,,,,,,,,,,,,,,,,,,,,,,,,,,,,,,,,,,,,,,,,,,,,,,,,,,,
sympy__sympy-14331,sympy/sympy,2.761056582132975,110.24428225583831,61.44055684283376,48.80372541300455,0.007655852934433216,39.91915201210336,2.760857423146566,103.0283552715916,54.6781768836081,48.35017838798349,0.007154746893860528,36.80088342313145,,,,,,,,,,,,,,,,,,,,,,,,,,,,,,,,,,,,,,,,,,,,,,,,,,,,,,,,,,,,,,,,,,,,,,,,,,,,,,,,,,,,
sympy__sympy-25205,sympy/sympy,4.662190834681193,220.36912740106504,135.09814961875477,85.27097778231025,0.01530341162507396,46.913811487131824,4.271679401397705,176.29004328918484,101.73473612343271,74.55530716575214,0.012242364117304503,41.017571174464564,,,,,,,,,,,,,,,,,,,2.772111733754476,914.1900218343189,175.06607055664062,739.1239512776783,0.06348541818293882,329.4715187853334,2.7711273034413657,919.2211711479441,178.2159220377604,741.0052491101837,0.06383480355194056,331.42271379582417,,,,,,,,,,,,,,,,,,,,,,,,,,,,,,,2.536447286605835,169.96815414282383,129.45825703938803,40.50989710343581,0.0118033440376961,66.5894540832028,,,,,,,,,,,,,,,,,,
sympy__sympy-25591,sympy/sympy,2.4618523120880127,85.09927832646201,43.40059916178385,41.698679164678154,0.005909672106004306,33.52538481561679,2.113589286804199,80.67780481076602,44.63683573404948,36.04096907671654,0.005602625334080974,37.55630933232422,1.535534143447876,477.57614893280345,64.53702291101217,413.0391260217913,0.0331650103425558,309.73015943542856,1.6022973855336506,108.77261393928886,80.29567464192708,28.476939297361778,0.007553653745783949,67.78522793521151,,,,,,,1.5692541599273682,494.95055403216946,77.48387654622395,417.46667748594547,0.03437156625223399,313.8656526926718,,,,,,,1.469748814900716,472.2628436717192,80.61479187011719,391.64805180160204,0.03279603081053606,319.82371880208945,,,,,,,1.502139647801717,482.0729149971085,78.67531840006511,403.3975965970434,0.033477285763688094,319.241740212982,,,,,,,,,,,,,,,,,,,,,,,,,,,,,,,,,,,,
sympy__sympy-25758,sympy/sympy,2.3231492042541504,121.96513190783418,83.00603230856359,38.959099599270594,0.00846980082693293,51.696406642736946,2.483725388844808,112.51776835613671,71.8383738193661,40.679394536770616,0.007813733913620604,43.10992793503959,,,,,,,,,,,,,,,,,,,2.3042675654093423,754.7930539455347,137.27803548177084,617.5150184637638,0.05241618430177324,325.1907279213577,,,,,,,2.3026528358459473,754.5056560951567,140.99681599934897,613.5088400958078,0.05239622611771922,325.12158774643257,,,,,,,,,,,,,,,,,,,,,,,,,,,,,,,,,,,,,,,,,,,,,,,,
sympy__sympy-25852,sympy/sympy,2.3227830727895102,108.01651219136737,70.08731079039474,37.92920140097262,0.007501146679956067,44.14514509690953,2.1739022731781006,105.07473839270926,69.57615153118968,35.498586861519584,0.007296856832827033,45.02157892687404,,,,,,,,,,,,,,,,,,,,,,,,,,,,,,,,,,,,,,,,,,,2.1365880171457925,693.5146123008889,126.57505289961894,566.9395594012699,0.0481607369653395,320.2339210458029,,,,,,,,,,,,,,,,,,,,,,,,,,,,,,,,,,,,
sympy__sympy-26004,sympy/sympy,1.8613873322804768,88.9349030235855,58.012369790424906,30.922533233160603,0.006176034932193437,46.96607591981332,1.8572641213734944,85.23728405198216,54.664148968334,30.57313508364815,0.005919255836943205,44.54699259312714,,,,,,,1.802125374476115,563.87922395261,79.20258076985677,484.67664318275325,0.03915827944115347,311.66615984097115,1.8023718198140461,561.27511709188,80.19297281901042,481.0821442728696,0.038977438686936115,310.21075189636474,,,,,,,,,,,,,1.8021612167358398,212.48133397326697,97.2533518448472,115.22798212841975,0.014755648192587983,115.96213607620277,,,,,,,,,,,,,,,,,,,,,,,,,1.8358113765716553,109.07278612153587,79.72644551595052,29.346340605585347,0.007574499036217769,58.217501632997106,,,,,,,,,,,,,,,,,,
sympy__sympy-26036,sympy/sympy,1.705283800760905,80.25935796422418,53.11446634928385,27.144891614940324,0.0055735665252933456,45.8616473685074,1.7046841780344646,79.72950792052193,52.28415425432225,27.445353666199683,0.0055367713833695785,45.680752736853535,,,,,,,,,,,,,,,,,,,,,,,,,,,,,,,1.7363828818003337,562.1220438788789,96.55465189615886,465.56739198272004,0.039036253047144365,322.28657780289257,,,,,,,1.7698816458384197,565.6258315883018,94.89834085603555,470.72749073226623,0.039279571638076514,318.4144352892109,,,,,,,,,,,,,,,,,,,,,,,,,,,,,,,,,,,,
sympy__sympy-26358,sympy/sympy,3.3478453159332275,137.33343947198364,78.19755045200388,59.13588901997975,0.00953704440777664,39.43413107735218,3.8710292975107827,171.35787996943793,78.27442932128906,93.08345064814885,0.01189985277565541,44.0290629991548,,,,,,,,,,,,,,,,,,,2.037144899368286,657.4903587446526,115.33174641678731,542.1586123278653,0.045659052690600874,320.0966444151914,,,,,,,2.102543910344442,677.8399841077427,124.34322611242533,553.4967579953174,0.047072221118593244,320.0991653761494,,,,,,,2.0701642831166587,672.5849673877511,120.95883687585592,551.6261305118952,0.046707289401927164,322.1735990522005,,,,,,,,,,,,,,,,,,,,,,,,,,,,,,,,,,,,
sympy__sympy-26546,sympy/sympy,2.4853409926096597,130.21721348684957,89.64800516764323,40.56920831920635,0.009042862047697888,50.701680524493284,2.1717092990875244,112.25515276374624,76.67066955566406,35.58448320808217,0.0077954967197046,50.35210768128006,,,,,,,,,,,,,,,,,,,2.338501771291097,669.0300950636162,139.9747873917222,529.055307671894,0.04646042326830668,268.1253138075849,,,,,,,,,,,,,,,,,,,,,,,,,,,,,,,,,,,,,,,,,,,,,,,,,,,,,,,,,,,,
sympy__sympy-26693,sympy/sympy,3.6668825149536133,173.29475570183683,111.81625874837239,61.47849695346444,0.012034358034849781,45.72198575146778,3.5053184032440186,155.34625159340223,98.59374491373698,56.75250667966525,0.01078793413843071,42.61133170067309,,,,,,,,,,,,,,,,,,,,,,,,,,,,,,,,,,,,,,,,,,,,,,,,,,,,,,,,,,,,,,,,,,,,,,,,,,,,,,,,,,,,
sympy__sympy-26848,sympy/sympy,4.192260026931763,257.1713539989874,185.95873514811197,71.2126188508754,0.017859121805485236,61.66532638949589,3.111928383509318,180.9659587996207,129.57074991924068,51.39520888038003,0.012567080472195883,58.114391523901546,,,,,,,,,,,,,,,,,,,,,,,,,4.138522624969482,1394.3890212038907,295.6333974202474,1098.7556237836434,0.09683257091693685,336.9305485680552,,,,,,,,,,,,,,,,,,,4.171533187230428,297.88482008045924,231.96160380045572,65.92321628000353,0.02068644583892078,71.34524823032535,,,,,,,,,,,,,,,,,,,,,,,,,,,,,,
sympy__sympy-26935,sympy/sympy,2.7830928961435952,147.33816644832345,99.77944946351151,47.558716984811944,0.010231817114466905,52.20854577023595,2.482171614964803,130.36274517078905,88.38582356770833,41.976921603080704,0.009052968414638127,52.28123612911927,,,,,,,,,,,,,,,,,,,,,,,,,2.60401980082194,862.3651856382113,167.82891337076822,694.5362722674431,0.05988647122487578,329.9240323981482,,,,,,,,,,,,,,,,,,,,,,,,,,,,,,,,,,,,,,,,,,,,,,,,,,,,,,
sympy__sympy-26940,sympy/sympy,2.7914772828420005,149.19695210975317,100.4782765712589,48.71867553849427,0.010360899452066192,52.741666072041625,2.4825058778127036,127.82752527708703,85.46298217773438,42.364543099352666,0.008876911477575489,50.94695249036499,,,,,,,,,,,,,,,,,,,,,,,,,,,,,,,,,,,,,,,,,,,,,,,,,,,,,,,,,,,,,,,,,,,,,,,,,,,,,,,,,,,,
sympy__sympy-26989,sympy/sympy,2.6375694274902344,93.99250851656215,49.37665303548177,44.61585548108039,0.006527257535872372,34.51173766852218,2.4501400788625083,92.79482384265306,52.822896321614586,39.97192752103848,0.006444084989073129,37.08140397878595,,,,,,,,,,,,,1.6356019179026287,506.408232814031,68.36062113444011,438.0476116795909,0.03516723838986326,308.6913348713919,,,,,,,,,,,,,,,,,,,1.7365659872690837,555.3088701647804,94.23086039225261,461.0780097725278,0.038563115983665304,318.4985106484198,,,,,,,,,,,,,,,,,,,,,,,,,,,,,,,,,,,,,,,,,,
sympy__sympy-27085,sympy/sympy,1.5691321690877278,95.28683648708119,70.55239359413584,24.73444289294535,0.0066171414227139715,59.06607617593757,1.6025903224945068,85.84564381657707,60.684600830078125,25.161042986498938,0.005961503042817851,53.389850575525,,,,,,,,,,,,,,,,,,,,,,,,,,,,,,,,,,,,,,,,,,,,,,,,,,,,,,,,,,,,,,,,,,,,,,,,,,,,,,,,,,,,
sympy__sympy-27347,sympy/sympy,2.762190103530884,138.6145290983076,91.22375997031729,47.390769127990325,0.00962600896516025,51.59960541500581,2.7620884577433267,130.69670044118564,83.93821716308594,46.758483278099696,0.009076159752860113,48.146974971842575,,,,,,,,,,,,,,,,,,,,,,,,,,,,,,,,,,,,,2.60465931892395,961.9714186874418,165.93520609289408,796.0362125945477,0.06680357074218346,373.2169393503547,,,,,,,,,,,,,,,,,,,2.4367188612620034,157.9129975762791,119.11049906412761,38.80249851215151,0.010966180387241604,64.25157482731052,,,,,,,,,,,,,,,,,,
sympy__sympy-27666,sympy/sympy,2.4700016180674234,86.33347608764726,44.66119893391927,41.67227715372799,0.005995380283864393,33.93188581365066,2.245309273401896,83.14021349648779,44.89094543519119,38.24926806129659,0.005773625937256097,36.071710529289376,,,,,,,1.5690035820007324,485.458749528971,64.3135325089097,421.1452170200613,0.033712413161734095,308.3618295651796,,,,,,,,,,,,,,,,,,,,,,,,,,,,,,,,,,,,,,,,,,,,,,,,,,,,,,,,,,,,,,,,,,,,,,,,
