instance_id,repo,has_human_baseline,qwen_configs_available,base_duration_seconds_mean,base_duration_seconds_std,base_total_energy_joules_mean,base_total_energy_joules_std,base_cpu_energy_joules_mean,base_cpu_energy_joules_std,base_gpu_energy_joules_mean,base_gpu_energy_joules_std,base_carbon_grams_mean,base_carbon_grams_std,base_power_watts_mean,base_cpu_usage_mean_percent_mean,base_cpu_usage_peak_percent_mean,base_ram_usage_mean_mb_mean,base_ram_usage_peak_mb_mean,base_gpu_temperature_mean_celsius_mean,base_gpu_temperature_peak_celsius_mean,human_head_duration_seconds_mean,human_head_duration_seconds_std,human_head_total_energy_joules_mean,human_head_total_energy_joules_std,human_head_cpu_energy_joules_mean,human_head_cpu_energy_joules_std,human_head_gpu_energy_joules_mean,human_head_gpu_energy_joules_std,human_head_carbon_grams_mean,human_head_carbon_grams_std,human_head_power_watts_mean,human_head_cpu_usage_mean_percent_mean,human_head_cpu_usage_peak_percent_mean,human_head_ram_usage_mean_mb_mean,human_head_ram_usage_peak_mb_mean,human_head_gpu_temperature_mean_celsius_mean,human_head_gpu_temperature_peak_celsius_mean,qwen_zs_oracle_duration_seconds_mean,qwen_zs_oracle_duration_seconds_std,qwen_zs_oracle_total_energy_joules_mean,qwen_zs_oracle_total_energy_joules_std,qwen_zs_oracle_cpu_energy_joules_mean,qwen_zs_oracle_cpu_energy_joules_std,qwen_zs_oracle_gpu_energy_joules_mean,qwen_zs_oracle_gpu_energy_joules_std,qwen_zs_oracle_carbon_grams_mean,qwen_zs_oracle_carbon_grams_std,qwen_zs_oracle_power_watts_mean,qwen_zs_oracle_cpu_usage_mean_percent_mean,qwen_zs_oracle_cpu_usage_peak_percent_mean,qwen_zs_oracle_ram_usage_mean_mb_mean,qwen_zs_oracle_ram_usage_peak_mb_mean,qwen_zs_oracle_gpu_temperature_mean_celsius_mean,qwen_zs_oracle_gpu_temperature_peak_celsius_mean,qwen_zs_realistic_duration_seconds_mean,qwen_zs_realistic_duration_seconds_std,qwen_zs_realistic_total_energy_joules_mean,qwen_zs_realistic_total_energy_joules_std,qwen_zs_realistic_cpu_energy_joules_mean,qwen_zs_realistic_cpu_energy_joules_std,qwen_zs_realistic_gpu_energy_joules_mean,qwen_zs_realistic_gpu_energy_joules_std,qwen_zs_realistic_carbon_grams_mean,qwen_zs_realistic_carbon_grams_std,qwen_zs_realistic_power_watts_mean,qwen_zs_realistic_cpu_usage_mean_percent_mean,qwen_zs_realistic_cpu_usage_peak_percent_mean,qwen_zs_realistic_ram_usage_mean_mb_mean,qwen_zs_realistic_ram_usage_peak_mb_mean,qwen_zs_realistic_gpu_temperature_mean_celsius_mean,qwen_zs_realistic_gpu_temperature_peak_celsius_mean,qwen_cot_oracle_duration_seconds_mean,qwen_cot_oracle_duration_seconds_std,qwen_cot_oracle_total_energy_joules_mean,qwen_cot_oracle_total_energy_joules_std,qwen_cot_oracle_cpu_energy_joules_mean,qwen_cot_oracle_cpu_energy_joules_std,qwen_cot_oracle_gpu_energy_joules_mean,qwen_cot_oracle_gpu_energy_joules_std,qwen_cot_oracle_carbon_grams_mean,qwen_cot_oracle_carbon_grams_std,qwen_cot_oracle_power_watts_mean,qwen_cot_oracle_cpu_usage_mean_percent_mean,qwen_cot_oracle_cpu_usage_peak_percent_mean,qwen_cot_oracle_ram_usage_mean_mb_mean,qwen_cot_oracle_ram_usage_peak_mb_mean,qwen_cot_oracle_gpu_temperature_mean_celsius_mean,qwen_cot_oracle_gpu_temperature_peak_celsius_mean,qwen_cot_realistic_duration_seconds_mean,qwen_cot_realistic_duration_seconds_std,qwen_cot_realistic_total_energy_joules_mean,qwen_cot_realistic_total_energy_joules_std,qwen_cot_realistic_cpu_energy_joules_mean,qwen_cot_realistic_cpu_energy_joules_std,qwen_cot_realistic_gpu_energy_joules_mean,qwen_cot_realistic_gpu_energy_joules_std,qwen_cot_realistic_carbon_grams_mean,qwen_cot_realistic_carbon_grams_std,qwen_cot_realistic_power_watts_mean,qwen_cot_realistic_cpu_usage_mean_percent_mean,qwen_cot_realistic_cpu_usage_peak_percent_mean,qwen_cot_realistic_ram_usage_mean_mb_mean,qwen_cot_realistic_ram_usage_peak_mb_mean,qwen_cot_realistic_gpu_temperature_mean_celsius_mean,qwen_cot_realistic_gpu_temperature_peak_celsius_mean,qwen_ldb_oracle_duration_seconds_mean,qwen_ldb_oracle_duration_seconds_std,qwen_ldb_oracle_total_energy_joules_mean,qwen_ldb_oracle_total_energy_joules_std,qwen_ldb_oracle_cpu_energy_joules_mean,qwen_ldb_oracle_cpu_energy_joules_std,qwen_ldb_oracle_gpu_energy_joules_mean,qwen_ldb_oracle_gpu_energy_joules_std,qwen_ldb_oracle_carbon_grams_mean,qwen_ldb_oracle_carbon_grams_std,qwen_ldb_oracle_power_watts_mean,qwen_ldb_oracle_cpu_usage_mean_percent_mean,qwen_ldb_oracle_cpu_usage_peak_percent_mean,qwen_ldb_oracle_ram_usage_mean_mb_mean,qwen_ldb_oracle_ram_usage_peak_mb_mean,qwen_ldb_oracle_gpu_temperature_mean_celsius_mean,qwen_ldb_oracle_gpu_temperature_peak_celsius_mean,qwen_ldb_realistic_duration_seconds_mean,qwen_ldb_realistic_duration_seconds_std,qwen_ldb_realistic_total_energy_joules_mean,qwen_ldb_realistic_total_energy_joules_std,qwen_ldb_realistic_cpu_energy_joules_mean,qwen_ldb_realistic_cpu_energy_joules_std,qwen_ldb_realistic_gpu_energy_joules_mean,qwen_ldb_realistic_gpu_energy_joules_std,qwen_ldb_realistic_carbon_grams_mean,qwen_ldb_realistic_carbon_grams_std,qwen_ldb_realistic_power_watts_mean,qwen_ldb_realistic_cpu_usage_mean_percent_mean,qwen_ldb_realistic_cpu_usage_peak_percent_mean,qwen_ldb_realistic_ram_usage_mean_mb_mean,qwen_ldb_realistic_ram_usage_peak_mb_mean,qwen_ldb_realistic_gpu_temperature_mean_celsius_mean,qwen_ldb_realistic_gpu_temperature_peak_celsius_mean,qwen_sc_oracle_duration_seconds_mean,qwen_sc_oracle_duration_seconds_std,qwen_sc_oracle_total_energy_joules_mean,qwen_sc_oracle_total_energy_joules_std,qwen_sc_oracle_cpu_energy_joules_mean,qwen_sc_oracle_cpu_energy_joules_std,qwen_sc_oracle_gpu_energy_joules_mean,qwen_sc_oracle_gpu_energy_joules_std,qwen_sc_oracle_carbon_grams_mean,qwen_sc_oracle_carbon_grams_std,qwen_sc_oracle_power_watts_mean,qwen_sc_oracle_cpu_usage_mean_percent_mean,qwen_sc_oracle_cpu_usage_peak_percent_mean,qwen_sc_oracle_ram_usage_mean_mb_mean,qwen_sc_oracle_ram_usage_peak_mb_mean,qwen_sc_oracle_gpu_temperature_mean_celsius_mean,qwen_sc_oracle_gpu_temperature_peak_celsius_mean,qwen_sc_realistic_duration_seconds_mean,qwen_sc_realistic_duration_seconds_std,qwen_sc_realistic_total_energy_joules_mean,qwen_sc_realistic_total_energy_joules_std,qwen_sc_realistic_cpu_energy_joules_mean,qwen_sc_realistic_cpu_energy_joules_std,qwen_sc_realistic_gpu_energy_joules_mean,qwen_sc_realistic_gpu_energy_joules_std,qwen_sc_realistic_carbon_grams_mean,qwen_sc_realistic_carbon_grams_std,qwen_sc_realistic_power_watts_mean,qwen_sc_realistic_cpu_usage_mean_percent_mean,qwen_sc_realistic_cpu_usage_peak_percent_mean,qwen_sc_realistic_ram_usage_mean_mb_mean,qwen_sc_realistic_ram_usage_peak_mb_mean,qwen_sc_realistic_gpu_temperature_mean_celsius_mean,qwen_sc_realistic_gpu_temperature_peak_celsius_mean,qwen_zs_oracle_duration_seconds_mean_improvement_vs_base_pct,qwen_zs_oracle_duration_seconds_mean_improvement_vs_human_pct,qwen_zs_oracle_total_energy_joules_mean_improvement_vs_base_pct,qwen_zs_oracle_total_energy_joules_mean_improvement_vs_human_pct,qwen_zs_oracle_cpu_energy_joules_mean_improvement_vs_base_pct,qwen_zs_oracle_cpu_energy_joules_mean_improvement_vs_human_pct,qwen_zs_realistic_duration_seconds_mean_improvement_vs_base_pct,qwen_zs_realistic_duration_seconds_mean_improvement_vs_human_pct,qwen_zs_realistic_total_energy_joules_mean_improvement_vs_base_pct,qwen_zs_realistic_total_energy_joules_mean_improvement_vs_human_pct,qwen_zs_realistic_cpu_energy_joules_mean_improvement_vs_base_pct,qwen_zs_realistic_cpu_energy_joules_mean_improvement_vs_human_pct,qwen_cot_oracle_duration_seconds_mean_improvement_vs_base_pct,qwen_cot_oracle_duration_seconds_mean_improvement_vs_human_pct,qwen_cot_oracle_total_energy_joules_mean_improvement_vs_base_pct,qwen_cot_oracle_total_energy_joules_mean_improvement_vs_human_pct,qwen_cot_oracle_cpu_energy_joules_mean_improvement_vs_base_pct,qwen_cot_oracle_cpu_energy_joules_mean_improvement_vs_human_pct,qwen_cot_realistic_duration_seconds_mean_improvement_vs_base_pct,qwen_cot_realistic_duration_seconds_mean_improvement_vs_human_pct,qwen_cot_realistic_total_energy_joules_mean_improvement_vs_base_pct,qwen_cot_realistic_total_energy_joules_mean_improvement_vs_human_pct,qwen_cot_realistic_cpu_energy_joules_mean_improvement_vs_base_pct,qwen_cot_realistic_cpu_energy_joules_mean_improvement_vs_human_pct,qwen_ldb_oracle_duration_seconds_mean_improvement_vs_base_pct,qwen_ldb_oracle_duration_seconds_mean_improvement_vs_human_pct,qwen_ldb_oracle_total_energy_joules_mean_improvement_vs_base_pct,qwen_ldb_oracle_total_energy_joules_mean_improvement_vs_human_pct,qwen_ldb_oracle_cpu_energy_joules_mean_improvement_vs_base_pct,qwen_ldb_oracle_cpu_energy_joules_mean_improvement_vs_human_pct,qwen_ldb_realistic_duration_seconds_mean_improvement_vs_base_pct,qwen_ldb_realistic_duration_seconds_mean_improvement_vs_human_pct,qwen_ldb_realistic_total_energy_joules_mean_improvement_vs_base_pct,qwen_ldb_realistic_total_energy_joules_mean_improvement_vs_human_pct,qwen_ldb_realistic_cpu_energy_joules_mean_improvement_vs_base_pct,qwen_ldb_realistic_cpu_energy_joules_mean_improvement_vs_human_pct,qwen_sc_oracle_duration_seconds_mean_improvement_vs_base_pct,qwen_sc_oracle_duration_seconds_mean_improvement_vs_human_pct,qwen_sc_oracle_total_energy_joules_mean_improvement_vs_base_pct,qwen_sc_oracle_total_energy_joules_mean_improvement_vs_human_pct,qwen_sc_oracle_cpu_energy_joules_mean_improvement_vs_base_pct,qwen_sc_oracle_cpu_energy_joules_mean_improvement_vs_human_pct,qwen_sc_realistic_duration_seconds_mean_improvement_vs_base_pct,qwen_sc_realistic_duration_seconds_mean_improvement_vs_human_pct,qwen_sc_realistic_total_energy_joules_mean_improvement_vs_base_pct,qwen_sc_realistic_total_energy_joules_mean_improvement_vs_human_pct,qwen_sc_realistic_cpu_energy_joules_mean_improvement_vs_base_pct,qwen_sc_realistic_cpu_energy_joules_mean_improvement_vs_human_pct
astropy__astropy-12842,astropy/astropy,True,2,,,,,,,,,,,,,,,,,,,,,,,,,,,,,,,,,,,1.5692021052042644,0.20770832608651435,452.81473799826864,139.1372272639254,78.99601236979167,15.753793451407148,373.818725628477,126.65084862049677,0.031445467916546434,0.009662307448883708,284.77120533703965,15.791292735042735,62.36666666666667,8053.880980401977,8099.515625,59.21417797888386,61,,,,,,,,,,,,,,,,,,,,,,,,,,,,,,,,,,,,,,,,,,,,,,,,,,,,,,,,,,,,,,,,,,,,,,,,,,,,,,,,,,,,,,,,,,,,,,,,,,,,,,,1.6021265188852947,0.26513764604447654,340.31460813611,237.9823480432902,88.76774088790019,19.527877426276355,251.54686724820976,218.7623220951137,0.02363295889834097,0.016526551947450705,200.6380744875957,20.069117647058825,62.53333333333333,25704.990349264706,25735.192708333332,54.388888888888886,54.666666666666664,,,,,,,,,,,,,,,,,,,,,,,,,,,,,,,,,,,,,,,,,,,,,,,,
astropy__astropy-13496,astropy/astropy,True,1,,,,,,,,,,,,,,,,,,,,,,,,,,,,,,,,,,,,,,,,,,,,,,,,,,,,1.63564928372701,0.3219378671307122,512.0283792742784,107.54391631146676,71.70173136641581,21.715309907479618,440.3266479078626,86.00508030561248,0.03555752633849156,0.007468327521629636,312.5527505511137,11.988675213675213,54.9,7489.280860487892,7526.108072916667,61,61,,,,,,,,,,,,,,,,,,,,,,,,,,,,,,,,,,,,,,,,,,,,,,,,,,,,,,,,,,,,,,,,,,,,,,,,,,,,,,,,,,,,,,,,,,,,,,,,,,,,,,,,,,,,,,,,,,,,,,,,,,,,,,,,,,,,,,,,,,,,,,,,,,,,,,
astropy__astropy-13734,astropy/astropy,True,2,,,,,,,,,,,,,,,,,,,,,,,,,,,,,,,,,,,,,,,,,,,,,,,,,,,,,,,,,,,,,,,,,,,,,,,,,,,,,,,,,,,,,,,,,,,,,,,,,,,,,,,,,,,,,,,,,,,,,,,,,,,,,,,,,,,,,,,,,1.60214630762736,0.17362290069170805,521.0724644915747,65.76465926114895,90.46826680501302,19.86176127238455,430.6041976865617,45.91291584267951,0.03618558781191491,0.004566990226468679,324.83694225348324,22.14503205128205,65.7,17789.571326622598,17821.885416666668,60,60,1.6357630093892415,0.2307625046060665,526.5223548640145,79.64921354534101,89.78152465820312,18.638126035521083,436.7408302058114,61.01393340344545,0.03656405242111212,0.005531195385093124,321.59280352881365,21.3131221719457,65.8,21047.629943203243,21081.828125,59,59,,,,,,,,,,,,,,,,,,,,,,,,,,,,,,,,,,,,,,,,,,,,,,,,
astropy__astropy-13745,astropy/astropy,True,1,,,,,,,,,,,,,,,,,,,,,,,,,,,,,,,,,,,1.6352585156758626,0.32154388434315057,509.745389305051,107.28114535228354,70.56185404707988,22.037368242112777,439.18353525797113,85.47318125759149,0.03539898536840632,0.007450079538353026,311.215443483138,12.167236467236467,56.06666666666667,7191.98080539975,7202.6796875,61,61,,,,,,,,,,,,,,,,,,,,,,,,,,,,,,,,,,,,,,,,,,,,,,,,,,,,,,,,,,,,,,,,,,,,,,,,,,,,,,,,,,,,,,,,,,,,,,,,,,,,,,,,,,,,,,,,,,,,,,,,,,,,,,,,,,,,,,,,,,,,,,,,,,,,,,,,,,,,,,,,,,,,,,,
astropy__astropy-13817,astropy/astropy,True,3,,,,,,,,,,,,,,,,,,,,,,,,,,,,,,,,,,,,,,,,,,,,,,,,,,,,,,,,,,,,,,,,,,,,,,,,,,,,,,,,,,,,,,,,,,,,,,,,,,,,,,,1.6356249650319417,0.23109943322886725,519.049291315237,79.96483206380196,83.1336059619983,19.03222132623153,435.91568535323876,60.941105563061875,0.03604508967466924,0.0055531133377640235,316.98286510828507,17.742533936651583,63.233333333333334,27721.744609021494,27749.463541666668,59,59,,,,,,,,,,,,,,,,,,1.6022597948710124,0.2651496713902218,460.8518976230729,144.08117432399192,81.90180969238281,19.674529217074234,378.9500879306901,125.78375358565019,0.032003604001602286,0.010005637105832771,285.28980412962886,16.9210407239819,58.03333333333333,16613.51769105078,16645.059895833332,56.595238095238095,57.333333333333336,1.6020614306132,0.1734634937835879,509.1622981241488,64.75559139886262,82.4144287109375,19.152328534188403,426.7478694132113,45.60331208893919,0.03535849292528811,0.004496916069365459,317.405799882749,17.725801282051282,61.4,21614.0221479367,21640.018229166668,59,59,,,,,,,,,,,,,,,,,,,,,,,,,,,,,,,,,,,,,,,,,,,,,,,,
astropy__astropy-14413,astropy/astropy,True,4,,,,,,,,,,,,,,,,,,,,,,,,,,,,,,,,,,,,,,,,,,,,,,,,,,,,1.3685315450032551,0.20854793197458255,421.3621211116891,69.8432308127937,55.104451497395836,15.094954499493667,366.2576696142932,55.14855545313312,0.029261258410533963,0.004850224361999562,307.5190388584242,13.296580086580086,56.7,7295.587124594156,7319.842447916667,59,59,1.4018413225809734,0.2649179938288474,426.2665283508201,84.28862750491432,55.70035807043314,14.898195754362822,370.566170280387,69.56681077464576,0.02960184224658473,0.005853376910063492,303.77748106339556,13.288282828282828,57.03333333333334,7325.905007102273,7356.489583333333,56.583333333333336,56.666666666666664,1.436203956604004,0.23145774909811823,448.5581341376304,79.72425050811688,66.65093485514323,18.18187561292917,381.90719928248717,61.542933860740135,0.031149870426224333,0.0055364062852858945,311.80500058120305,19.827070707070707,61.36666666666667,15371.389717487373,15399.1640625,59,59,,,,,,,,,,,,,,,,,,,,,,,,,,,,,,,,,,,,,,,,,,,,,,,,,,,,1.402414083480835,0.26509159114262143,440.10264532517033,89.62494784647407,67.73338826497395,20.05134709668071,372.3692570601964,69.90650971006403,0.03056268370313683,0.0062239547115607,313.30380188249416,18.955151515151517,54.4,21914.491465435607,21944.993489583332,58,58,,,,,,,,,,,,,,,,,,,,,,,,,,,,,,,,,,,,,,,,,,,,,,,,
astropy__astropy-14590,astropy/astropy,True,3,,,,,,,,,,,,,,,,,,,,,,,,,,,,,,,,,,,,,,,,,,,,,,,,,,,,1.435474157333374,0.3218685968695424,443.3277197900306,106.67037985947199,60.74261474609375,22.10409227623649,382.58510504393684,84.76385229437078,0.030786647207641012,0.0074076652680188865,308.159140317976,13.437310606060606,56.266666666666666,7388.267268880209,7421.305989583333,59,59,,,,,,,,,,,,,,,,,,,,,,,,,,,,,,,,,,,,,,,,,,,,,,,,,,,,1.5690712928771973,0.3063011536396124,497.4137382838978,107.2363136119892,80.26966857910156,26.080223535087036,417.14406970479627,81.204247465001,0.03454262071415957,0.007446966223054806,316.2068130768102,18.424516659810777,59.96666666666667,33521.37403107003,33550.981770833336,59,59,,,,,,,,,,,,,,,,,,1.5022059281667073,0.34683049247762077,475.4091989940405,120.43819395505074,73.22928873697917,28.18444015500787,402.1799102570613,92.25757364546855,0.03301452770791948,0.008363763469100746,315.47772610586446,18.786631016042783,63.56666666666667,22221.05912990196,22239.24609375,60,60,,,,,,,,,,,,,,,,,,,,,,,,,,,,,,,,,,,,,,,,,,,,,,,,
astropy__astropy-15228,astropy/astropy,True,2,,,,,,,,,,,,,,,,,,,,,,,,,,,,,,,,,,,1.4132494926452637,0.28428309607335295,443.24910251476217,90.78209051656414,65.06207275142272,15.579530084422371,378.1870297633394,75.38106464796044,0.03078118767463626,0.006304311841428064,313.5087331807222,18.53070707070707,61.1,7176.333372790404,7216.134114583333,59,59,,,,,,,,,,,,,,,,,,1.4019254843393962,0.17333487655027627,369.4964810826633,154.11751638256248,64.78716532637675,16.59962280325789,304.7093157562865,141.8286198031262,0.025659477852962728,0.010702605304344616,259.2066325118194,17.06991341991342,62.166666666666664,7185.145300662879,7220.901041666667,58.416666666666664,59,,,,,,,,,,,,,,,,,,,,,,,,,,,,,,,,,,,,,,,,,,,,,,,,,,,,,,,,,,,,,,,,,,,,,,,,,,,,,,,,,,,,,,,,,,,,,,,,,,,,,,,,,,,,,,,,,,,,,,,,,,,,,,,,,,,,,
astropy__astropy-15710,astropy/astropy,True,4,,,,,,,,,,,,,,,,,,,,,,,,,,,,,,,,,,,,,,,,,,,,,,,,,,,,1.4686355590820312,0.28880586922014717,177.4215670441401,21.797400449277845,65.8601633682847,17.21533697100773,111.56140367585537,26.994469057191814,0.01232094215584306,0.0015137083645331841,122.38158882290521,14.307007575757575,47.9,7221.550433534564,7259.494791666667,52.916666666666664,56.333333333333336,,,,,,,,,,,,,,,,,,1.4689773718516033,0.3792444174285227,464.9133926682761,128.26663607507282,72.63359069824219,27.638300134016227,392.27980197003393,100.77633357741824,0.03228565226863029,0.00890740528299117,315.63338638135724,20.005044563279856,56.833333333333336,14055.554298963903,14090.200520833334,60,60,,,,,,,,,,,,,,,,,,1.4693366686503093,0.2892338602005634,462.79266055839827,103.7267587486623,72.36512247721355,27.292696225562747,390.4275380811847,76.44112571602325,0.03213837920544432,0.0072032471353237724,313.93051293805667,18.499621212121212,49.9,32053.490811434658,32084.16796875,59,59,,,,,,,,,,,,,,,,,,1.469507058461507,0.3798570069625999,465.77809733701577,128.4174601738242,72.42061869551738,27.61107042439752,393.35747864149835,101.01771165195268,0.03234570120395942,0.00891787917873779,316.12967193665037,18.781247771836007,52.03333333333333,20128.917384553253,20153.96484375,60.73148148148148,61,,,,,,,,,,,,,,,,,,,,,,,,,,,,,,,,,,,,,,,,,,,,,,,,
astropy__astropy-15948,astropy/astropy,True,3,,,,,,,,,,,,,,,,,,,,,,,,,,,,,,,,,,,1.3686329523722331,0.20848440990681655,433.1203010872916,70.96290112701706,65.76284281412761,15.651050712892891,367.35745827316396,55.59560312110523,0.03007779868661747,0.004927979244931741,316.12982085304867,18.484069264069262,55.333333333333336,8067.906880749459,8093.442708333333,61,61,,,,,,,,,,,,,,,,,,1.435278018315633,0.23088194955276511,456.7735227924105,79.57581721964596,75.35078938305378,18.70380337905802,381.42273340935674,60.87845850597443,0.031720383527250734,0.005526098418030971,317.8239229616125,24.032323232323233,64.76666666666667,13459.221117424242,13498.91015625,59,59,,,,,,,,,,,,,,,,,,,,,,,,,,,,,,,,,,,,,,,,,,,,,,,,,,,,,,,,,,,,,,,,,,,,,1.3685866991678874,0.28896750707217184,439.8698078175801,95.33955734495588,75.30996195475261,18.599562322067086,364.5598458628275,76.74228213037182,0.030546514431776396,0.006620802593399714,321.17236623100416,23.907777777777778,63.56666666666667,25236.104383680555,25277.45703125,58,58,,,,,,,,,,,,,,,,,,,,,,,,,,,,,,,,,,,,,,,,,,,,,,,,
astropy__astropy-16058,astropy/astropy,True,0,,,,,,,,,,,,,,,,,,,,,,,,,,,,,,,,,,,,,,,,,,,,,,,,,,,,,,,,,,,,,,,,,,,,,,,,,,,,,,,,,,,,,,,,,,,,,,,,,,,,,,,,,,,,,,,,,,,,,,,,,,,,,,,,,,,,,,,,,,,,,,,,,,,,,,,,,,,,,,,,,,,,,,,,,,,,,,,,,,,,,,,,,,,,,,,,,,,,,,,,,,,,,,,,,,,,,,,,,,
astropy__astropy-16065,astropy/astropy,True,5,,,,,,,,,,,,,,,,,,,,,,,,,,,,,,,,,,,1.4708480040232341,0.2074415401904855,70.85462122854653,19.918176864230574,46.2671864827474,16.413079136663118,24.587434745799143,3.51704551851226,0.004920459807537954,0.001383206726682679,47.561379544083444,9.714444444444444,43.03333333333333,7119.028943734217,7156.890625,40.0625,40.333333333333336,,,,,,,,,,,,,,,,,,1.4016634623209636,0.173431095052431,432.13498204571937,60.54193448826878,55.59607950846354,14.548479726201263,376.5389025372558,45.9955190920642,0.03000937375317496,0.004204301006129778,307.90931872037754,13.027272727272727,41.2,7289.110795454545,7329.342447916667,61,61,1.3019719918568928,0.00019187250213863533,403.2991899532166,0.39088536518981587,55.902587893108524,0.4452563253315221,347.3966020601081,0.3925333587786512,0.028006888191195598,2.7144817027071218e-05,309.76025016379924,20.645454545454545,58.86666666666667,14839.583925189394,14878.64453125,58,58,1.4364490509033203,0.23246678357575912,448.8158487234761,80.48662486658398,68.29372660319011,19.47795801739172,380.522122120286,61.010095809645854,0.031167767272463617,0.005589348949068332,311.90000070298976,18.882020202020204,53.63333333333333,27198.341950757575,27230.782552083332,55.770833333333336,56,1.3686283429463704,0.20855664703556834,430.22598283646687,74.54464107164284,68.81556701660156,19.985501957585424,361.4104158198653,54.995677101698924,0.029876804363643532,0.005176711185530753,313.7402944470244,19.497532467532466,47.06666666666666,32677.67458400974,32690.658854166668,56,56,,,,,,,,,,,,,,,,,,,,,,,,,,,,,,,,,,,,,,,,,,,,,,,,,,,,,,,,,,,,,,,,,,,,,,,,,,,,,,,,,,
matplotlib__matplotlib-24250,matplotlib/matplotlib,True,4,,,,,,,,,,,,,,,,,,,,,,,,,,,,,,,,,,,,,,,,,,,,,,,,,,,,1.4027203718821208,0.26398467881494114,147.96418273150107,27.709131579994384,60.487192787230015,12.725850410572399,87.47698994427107,16.859326222130093,0.010275290467465352,0.0019242452486107218,105.55445990651515,13.214949494949495,55.86666666666667,7660.642242739898,7690.470052083333,50.0625,50.333333333333336,,,,,,,,,,,,,,,,,,1.4358610312143962,0.23113776081686388,450.8941695685387,80.8418150920073,67.96163940181334,19.70933214479087,382.93253016672537,61.13282535388588,0.0313120951089263,0.005614014936944949,313.4497048210301,19.10787878787879,64.83333333333334,16358.272324810605,16386.278645833332,58,58,,,,,,,,,,,,,,,,,,1.4356727600097656,0.23067576551353475,451.3130771540453,81.2484404718675,68.77556355545919,20.48227007859215,382.5375135985861,60.779010717787344,0.031341185913475365,0.005642252810546353,313.7507687894678,19.14121212121212,61.03333333333333,36756.24586489899,36786.770833333336,58,58,,,,,,,,,,,,,,,,,,1.4357128143310547,0.23146360298321972,449.87813153098034,80.91191550903386,67.33604939778645,19.518200932104286,382.54208213319384,61.39671722832663,0.031241536911873636,0.0056188830214606855,312.7649031272509,18.85050505050505,59.53333333333334,25613.232133838384,25657.30859375,58,58,,,,,,,,,,,,,,,,,,,,,,,,,,,,,,,,,,,,,,,,,,,,,,,,
matplotlib__matplotlib-28104,matplotlib/matplotlib,True,6,,,,,,,,,,,,,,,,,,,,,,,,,,,,,,,,,,,1.7358264128367107,0.2315258050991632,544.9566614227847,75.86740509005453,81.84128316243489,14.321828962456639,463.1153782603498,61.545813391936235,0.037844212598804494,0.005268569797920453,313.79362091808804,11.88835978835979,47.699999999999996,8400.656187996032,8447.81640625,58,58,1.83588711420695,0.2313196773290359,573.632514034922,76.01033107024185,81.54341634114583,14.44021602898353,492.0890976937761,61.570388388943115,0.03983559125242513,0.00527849521321124,312.29441099747515,11.36,45.666666666666664,8338.292429641813,8391.139322916666,59,59,,,,,,,,,,,,,,,,,,1.9030537605285645,0.34733247543459167,614.2115663253512,120.50238199892479,107.37919108321269,28.536490900223953,506.8323752421385,91.9722881034029,0.04265358099481605,0.008368220972147553,322.2547107730937,18.06222222222222,60.300000000000004,14642.337450396824,14691.384114583334,60,60,1.8033521175384521,0.26462692971378265,584.3473216161808,88.59851214661379,101.01395161946614,18.295767352581255,483.3333699967146,70.58940183816978,0.04057967511223478,0.006152674454625959,323.9037911230943,17.54532999164578,53.5,26935.317692342836,26984.803385416668,61,61,1.8032797972361247,0.2650342648718889,584.978252885792,89.51414725308828,101.39806111901999,18.83376143810646,483.58019176677203,71.16978365438398,0.040623489783735554,0.006216260225908907,324.23503140737137,17.52515455304929,50.43333333333334,32955.73460506736,33006.736979166664,61,61,,,,,,,,,,,,,,,,,,1.7695852915445964,0.2892625604858036,571.0784840728641,95.23777974305058,101.4588063582778,18.868428161921212,469.61967771458626,76.42320545008221,0.03965822806061556,0.006613734704378509,322.611263551216,17.656766917293233,52.1,20468.6464354245,20512.263020833332,58,58,,,,,,,,,,,,,,,,,,,,,,,,,,,,,,,,,,,,,,,,,,,,,,,,
mwaskom__seaborn-2313,mwaskom/seaborn,True,3,,,,,,,,,,,,,,,,,,,,,,,,,,,,,,,,,,,1.7716798782348633,0.21116830092603303,542.840548515409,105.71787830681014,98.92942810058594,18.24224899046656,443.911120414823,88.0157236477642,0.03769726031357006,0.007341519326861818,305.51947112778095,20.534603174603173,78.76666666666667,7603.292065558862,7666.92578125,58.9265350877193,60,1.7718933423360188,0.2877406198449231,208.006188192602,31.237219189936532,95.35582987219095,12.24566873728114,112.65035832041104,19.01789546634741,0.014444874180041806,0.002169251332634481,117.53723096568716,18.516666666666666,87.1,7451.072309680451,7501.841145833333,51.38888888888889,52,,,,,,,,,,,,,,,,,,,,,,,,,,,,,,,,,,,1.870970090230306,0.20900486047072492,623.2925518225185,72.11622905406651,123.83977254480124,17.407268334091277,499.4527792777173,55.691418262687236,0.04328420498767489,0.005008071462087951,333.04344952229565,28.08138157894737,87.16666666666666,29109.271843304552,29155.475260416668,61,61,,,,,,,,,,,,,,,,,,,,,,,,,,,,,,,,,,,,,,,,,,,,,,,,,,,,,,,,,,,,,,,,,,,,,,,,,,,,,,,,,,,,,,,,,,,,,,,,,,,
mwaskom__seaborn-2389,mwaskom/seaborn,True,5,,,,,,,,,,,,,,,,,,,,,,,,,,,,,,,,,,,1.8045013745625813,0.2633913288588544,124.57452300132314,18.229345811358485,94.2029317220052,13.76051098738772,30.371591279317936,4.543895082102069,0.008651008541758551,0.0012659267924554501,69.04393579009694,16.17732664995823,60.43333333333333,7363.031221282373,7410.516927083333,40,40,,,,,,,,,,,,,,,,,,1.8030877908070881,0.2651879725703643,415.5704737266451,237.5347205067598,94.8937072729071,15.447663498661964,320.676766453738,223.64310781103532,0.028859060675461467,0.016495466701858322,223.09904508209436,16.96002506265664,61.5,7274.706260116437,7333.584635416667,57.169444444444444,59,,,,,,,,,,,,,,,,,,1.8362475236256917,0.23168429695590237,602.5665278037637,79.97990690026839,112.6122538248698,19.118525716345673,489.9542739788939,60.886469709515914,0.04184489776415026,0.005554160201407527,327.98094405907113,23.69345029239766,65.1,27259.131112938598,27308.22265625,59,59,,,,,,,,,,,,,,,,,,1.836500644683838,0.23245430991800495,602.65664261205,82.04775125083212,112.87029012540977,20.04069611805657,489.7863524866402,62.020641252317255,0.04185115573694791,0.0056977605035300055,327.90564522619326,23.974736842105266,65.2,16608.507067799706,16670.748697916668,58,58,1.8373358249664307,0.2335041802447476,599.7699835283687,80.00507818882987,111.06860351810853,17.900558268421666,488.7013800102601,62.1110044909717,0.04165069330058116,0.005555908207557633,326.27051480916975,23.588304093567253,65.23333333333333,21368.876055372806,21415.641927083332,58,58,,,,,,,,,,,,,,,,,,,,,,,,,,,,,,,,,,,,,,,,,,,,,,,,
mwaskom__seaborn-2449,mwaskom/seaborn,True,5,,,,,,,,,,,,,,,,,,,,,,,,,,,,,,,,,,,1.6354232629140217,0.057790858619687406,519.1155469029652,14.98232303766794,79.50068664799134,1.012551377702676,439.61486025497385,15.726207758035025,0.036049690757150366,0.0010404390998380519,317.4675617881361,16.015238095238097,51.9,7718.265414186508,7776.0859375,60,60,1.770040512084961,0.20737443188947732,566.6677002420014,68.21457346582939,94.29234822591145,13.754002494397595,472.37535201608995,54.664459003123575,0.039351923627916764,0.004737123157349263,320.07203587272494,18.746666666666666,62.43333333333333,7534.403087797619,7570.701822916667,59,59,1.7028542359670003,0.00041458970902327996,546.3128076268549,1.2408858198903294,93.62889099369447,0.9402050808333292,452.6839166331605,0.3745882797425559,0.037938389418531594,8.617262638127203e-05,320.8217291118735,22.22888888888889,65.2,12305.82265625,12337.447916666666,59,59,,,,,,,,,,,,,,,,,,1.8363668123881023,0.23106021390841092,598.9300328789552,80.04149913230627,111.80848185469706,18.928822100115504,487.1215510242581,61.15823339166933,0.04159236339437189,0.00555843743974349,325.948720708325,23.785730994152047,65.23333333333333,30097.869234283626,30132.828125,59,59,,,,,,,,,,,,,,,,,,1.8024574120839436,0.17344230289081614,595.7020223232189,63.69748962478303,113.21926371256511,18.05723934533812,482.4827586106538,45.64027734306561,0.041368195994667976,0.004423436779498822,330.27813608163285,24.016296296296296,65.2,18551.190219907407,18604.43359375,60,60,,,,,,,,,,,,,,,,,,,,,,,,,,,,,,,,,,,,,,,,,,,,,,,,,,,,,,,,,,,,,,,,,
mwaskom__seaborn-2458,mwaskom/seaborn,True,4,,,,,,,,,,,,,,,,,,,,,,,,,,,,,,,,,,,1.8372751871744792,0.23036280222266334,583.5506495372504,76.37592169961542,95.73532612870137,15.639247208011925,487.81532340854903,60.74402773897753,0.040524350662309055,0.0053038834513621826,317.4799690027332,18.645497076023393,64.63333333333333,7548.2835480628655,7604.203125,57,57,1.8036572138468425,0.2637324248474392,570.1994592293474,84.60545043857124,92.66924540201823,15.293860224844739,477.53021382732925,69.43615723589824,0.03959718466870468,0.005875378502678559,316.0774850314719,18.728220551378445,65.8,7380.576463619987,7443.329427083333,56.291666666666664,56.333333333333336,,,,,,,,,,,,,,,,,,1.9044488271077473,0.34746165644240246,687.3725514471951,115.19766413430575,113.6124267578125,27.723615201735328,573.7601246893826,102.95508229190617,0.04773420496161077,0.007999837787104565,364.5562101770285,24.404761904761905,67.56666666666666,16174.026649305555,16225.997395833334,63.39204545454545,64,,,,,,,,,,,,,,,,,,,,,,,,,,,,,,,,,,,,,,,,,,,,,,,,,,,,1.8374203046162922,0.32334569395032925,606.0201424755172,114.869485761549,115.89724731445312,29.62306732965883,490.12289516106415,85.48233708860079,0.04208473211635536,0.007977047622329793,329.3521197245357,24.258650793650794,68.1,22865.596044146827,22920.026041666668,59.888888888888886,60,,,,,,,,,,,,,,,,,,,,,,,,,,,,,,,,,,,,,,,,,,,,,,,,
psf__requests-3036,psf/requests,True,5,,,,,,,,,,,,,,,,,,,,,,,,,,,,,,,,,,,1.1355685393015544,0.05759945443659102,49.972329906671696,12.241713603399651,30.937728881835938,11.527930105515548,19.034601024835762,0.8580446825927053,0.003470300687963312,0.000850119000236087,43.75992769512063,12.04111111111111,59.7,7163.548451967593,7184.65625,42,42,,,,,,,,,,,,,,,,,,1.1349055767059326,0.1529954224423232,342.0155843567848,47.81357379414053,38.082366943359375,7.784863346308541,303.93321741342544,40.365993928126535,0.023751082246998945,0.003320387069037537,301.24659282718477,14.91043771043771,50.46666666666667,7256.813798795244,7280.805989583333,61,61,,,,,,,,,,,,,,,,,,1.168406883875529,0.20861822591973916,361.3240766987739,73.43962796736031,50.67157491048177,18.483028938553655,310.65250178829217,55.41962445138796,0.02509194977074819,0.005099974164400022,308.4315630060931,20.59583333333333,52.833333333333336,26912.703504774305,26940.59765625,58,58,1.135193109512329,0.05760261073058063,347.6338315343698,24.868002577882212,45.47308858235677,9.872688699008352,302.16074295201304,15.001845544916002,0.024141238300997903,0.0017269446234640423,306.0235930743725,20.743333333333336,62.56666666666667,32452.999638310186,32471.578125,58,58,1.201919158299764,0.26505293399897567,371.59045235401436,88.62454580389424,50.188812255859375,18.68411831287748,321.401640098155,70.23661581102779,0.025804892524584334,0.0061544823474926555,308.4400028293908,20.780840455840455,60.36666666666667,17701.53144336494,17723.17578125,59,59,,,,,,,,,,,,,,,,,,,,,,,,,,,,,,,,,,,,,,,,,,,,,,,,,,,,,,,,,,,,,,,,,
pydata__xarray-5571,,False,6,,,,,,,,,,,,,,,,,,,,,,,,,,,,,,,,,,,1.5369197527567546,0.05744323502027946,482.1048292482991,23.558694247851122,70.47693379968405,8.728782760661574,411.62789544861505,14.83007271100315,0.03347950203113188,0.001636020433878549,313.59455485983574,16.52967032967033,56.53333333333333,7692.613703353938,7724.533854166667,60,60,1.369852622350057,0.21019602915092234,147.12148343550365,26.71405711016028,60.161092122395836,13.679485951768818,86.9603913131078,13.180050226190701,0.010216769683021086,0.0018551428548722415,107.12299624755461,16.234069264069262,44.4,7511.459699675324,7554.733072916667,50.15555555555556,50.333333333333336,,,,,,,,,,,,,,,,,,,,,,,,,,,,,,,,,,,1.6024129390716553,0.2645887332603016,120.08554430753911,36.383661906940084,84.54388427982728,17.340535305541497,35.54166002771182,19.067505210272216,0.00833927391024577,0.00252664318798195,73.9248727634097,19.371782302664656,64.13333333333333,29896.936885781957,29942.625,46.18233618233618,46.333333333333336,1.5379958152770996,0.14980565018560152,494.43692992530526,50.25791335049466,83.85276285807292,11.22575492265367,410.5841670672324,39.73474155564779,0.034335897911479535,0.0034901328715621297,321.40832450036896,22.122222222222224,59.63333333333333,34945.063408119655,34984.05859375,60,60,1.5367644627888997,0.23319722808407134,584.9503802236108,62.24145917151042,87.76852925618489,17.240713113262892,497.1818509674259,63.21689343605488,0.040621554182195194,0.004322323553577114,385.85451729824274,22.360416666666666,58.766666666666666,18403.581976996527,18448.559895833332,62.46153846153846,65.66666666666667,1.6025795936584473,0.26442320292867044,515.9466634611106,89.43553004210564,88.2286376953125,19.417938887610035,427.718025765798,70.37644754961181,0.035829629407021564,0.006210800697368447,321.6894072312637,21.694218200100554,65.1,23795.26959360467,23849.436197916668,60,60,,,,,,,,,,,,,,,,,,,,,,,,,,,,,,,,,,,,,,,,,,,,,,,,
pydata__xarray-5845,pydata/xarray,True,6,,,,,,,,,,,,,,,,,,,,,,,,,,,,,,,,,,,1.602858304977417,0.17452579414686906,505.5272372985704,60.931064310742904,74.9739990234375,14.475912047746904,430.5532382751329,46.463209339680695,0.03510605814573406,0.004231323910468255,315.1384555302195,16.219391025641023,60.4,7796.8623046875,7820.485677083333,60,60,1.6362686951955159,0.2080404162588308,176.73768268111618,38.090453823418905,85.03118896732728,17.404348777576796,91.7064937137889,22.96838199468069,0.012273450186188624,0.0026451704044040906,107.14193719618258,19.10902777777778,65.93333333333334,7643.919873046875,7696.473958333333,50.493589743589745,53,1.6362686951955159,0.23104923833410088,524.2298909171469,80.89014618109962,88.5791320775946,19.40346073669991,435.65075883955234,61.48693883514735,0.03640485353591298,0.005617371262576364,320.01150383558064,22.750678733031673,64.83333333333333,12331.996629901962,12370.635416666666,59,59,,,,,,,,,,,,,,,,,,1.6363041400909424,0.23041008910754246,522.047963011706,78.85553298472968,88.70969136307637,18.005965983878607,433.33827164862964,60.8712854154279,0.0362533307647018,0.005476078679495118,318.7542920350439,21.67028657616893,64.8,30089.5452135181,30141.494791666668,59,59,,,,,,,,,,,,,,,,,,1.5691943168640137,0.2082513273453026,508.57311297604906,74.63572799329837,89.1485900854071,20.295800278868192,419.424522890642,54.855152246954184,0.03531757729000341,0.005183036666201276,323.74009036834406,22.168322649572648,62.96666666666667,18536.126062116055,18588.247395833332,59,59,1.6032439072926838,0.2653970279877487,513.5535144629742,88.27724790105165,88.10160319010417,18.75419206291556,425.45191127287,69.9568524464078,0.03566343850437321,0.006130364437573032,320.13211553331814,21.960482654600302,64.1,23901.11473995648,23939.817708333332,59,59,,,,,,,,,,,,,,,,,,,,,,,,,,,,,,,,,,,,,,,,,,,,,,,,
pydata__xarray-6109,pydata/xarray,True,3,,,,,,,,,,,,,,,,,,,,,,,,,,,,,,,,,,,1.5707858403523762,0.20910713393474828,497.7626612401304,70.93850685702779,74.93332418054342,15.252881643181269,422.829337059587,56.12499917264662,0.034566851475009056,0.004926285198404706,316.6524462548472,16.464102564102564,48.33333333333333,7459.553936298077,7472.3828125,61,61,1.6713012059529622,0.2897412455769893,527.6583616681778,106.59278990332642,77.75358581294616,21.05895624804856,449.9047758552317,85.534796156622,0.03664294178251235,0.00740227707661989,314.74923634560366,15.827492877492878,45.0,7367.617883057336,7418.74609375,58,58,1.6360778013865154,0.23232027273752917,512.1750119703837,76.85891408359646,73.99934387207031,15.517432765106108,438.17566809831345,61.34156800675371,0.03556770916460998,0.005337424589138641,312.82684044669645,15.726696832579186,49.06666666666666,7395.813383766968,7442.196614583333,61,61,,,,,,,,,,,,,,,,,,,,,,,,,,,,,,,,,,,,,,,,,,,,,,,,,,,,,,,,,,,,,,,,,,,,,,,,,,,,,,,,,,,,,,,,,,,,,,,,,,,,,,,,,,,,,,,,,,,,,,,,,,,,,,,,,,,,,
pydata__xarray-6160,,False,1,,,,,,,,,,,,,,,,,,,,,,,,,,,,,,,,,,,,,,,,,,,,,,,,,,,,,,,,,,,,,,,,,,,,,,,,,,,,,,,,,,,,,,,,,,,,,,,,,,,,,,,,,,,,,,,,,,,,,,,,1.3391532103220622,0.2516666162615162,428.30364763996334,84.66302293833792,72.04825337727864,19.072324921014378,356.2553942626847,66.94963381424408,0.029743308863886344,0.005879376592940133,319.55405650360285,23.741111111111113,49.63333333333333,31937.030985637626,31981.44140625,59,59,,,,,,,,,,,,,,,,,,,,,,,,,,,,,,,,,,,,,,,,,,,,,,,,,,,,,,,,,,,,,,,,,,,,,,,,,,,,,,,,,,
pydata__xarray-6834,pydata/xarray,True,4,,,,,,,,,,,,,,,,,,,,,,,,,,,,,,,,,,,1.6370960076649983,0.23102160476523112,510.64620456002785,76.21141657533387,74.97350057214499,15.578874895239403,435.67270398788287,60.63364289831784,0.03546154198333527,0.005292459484398188,311.6986690786573,16.046757164404223,47.233333333333334,7553.872124811463,7589.243489583333,57,57,,,,,,,,,,,,,,,,,,1.6373149553934734,0.3221540534458805,515.5273225371641,106.93387863980661,78.06089274088542,21.62579432480541,437.4664297962787,85.54618076531364,0.035800508509525285,0.007425963794431014,314.4685076448571,16.201851851851853,52.13333333333333,7324.174854767628,7374.83984375,61,61,,,,,,,,,,,,,,,,,,1.7037863731384277,0.3457665591898341,462.8444445143649,225.8843035475002,91.51883952071269,29.99668324188562,371.3256049936522,201.05233325606926,0.032141975313497564,0.0156864099685764,264.44046811036264,20.01794871794872,57.166666666666664,28094.171537618084,28140.82421875,55.80952380952381,56.333333333333336,,,,,,,,,,,,,,,,,,1.6368623574574788,0.23109023889791833,523.6317087332657,81.71017780758957,88.13803608963887,20.7681429423213,435.4936726436268,60.94447325063287,0.03636331310647678,0.005674317903304831,319.480638998719,21.618552036199095,50.36666666666667,16977.184760322398,17013.458333333332,59,59,,,,,,,,,,,,,,,,,,,,,,,,,,,,,,,,,,,,,,,,,,,,,,,,,,,,,,,,,,,,,,,,,
pydata__xarray-7206,pydata/xarray,True,7,,,,,,,,,,,,,,,,,,,,,,,,,,,,,,,,,,,1.402147928873698,0.265220587544264,430.36857167861496,84.55273572335398,55.4864196802179,14.736106540325242,374.88215199839703,69.95158028928057,0.02988670636657048,0.005871717758566248,306.68239551788673,13.294646464646465,46.5,8094.764212436869,8137.28125,59,59,,,,,,,,,,,,,,,,,,1.4359242121378581,0.2313797624692468,449.86859826796086,81.37783838223574,68.06252543131511,19.196875567079612,381.80607283664574,62.181179840829635,0.031240874879719504,0.005651238776544148,312.6774319187759,19.889292929292928,63.199999999999996,13638.85748895202,13680.084635416666,59,59,1.4353359540303547,0.2310416787264808,449.1026930554708,79.94964642049001,66.41403706868489,18.72971281450921,382.68865598678593,61.22041822522186,0.03118768701774103,0.005552058779200696,312.35796171839013,19.064848484848486,49.333333333333336,16415.55929608586,16438.024739583332,58,58,1.4358394145965576,0.23137455397147272,447.7269930308329,80.17154219800115,66.88965352624655,19.20569901574367,380.83733950458634,60.969736845900066,0.031092152293807837,0.005567468208194526,311.2644155746566,18.753333333333334,51.666666666666664,31673.996393623736,31708.110677083332,57,57,1.4356191953023274,0.2314544793668853,513.8927694453829,190.54088441596207,68.29908243566751,20.76606094567419,445.5936870097154,169.776754706381,0.03568699787815159,0.013232005862219587,350.46424802952805,18.904242424242423,54.63333333333333,36842.2623342803,36875.697916666664,60.291666666666664,62,1.3683009147644043,0.2890159586416377,431.81055377038047,97.11700242903956,67.93537393957376,20.884477001489465,363.8751798308067,76.23629780488075,0.02998684401183198,0.006744236279794413,315.02482200171755,19.511111111111113,42.733333333333334,19678.57986111111,19700.540364583332,59.96969696969697,60,1.4358954429626465,0.23131510293164798,447.4108253697422,79.75567618030588,68.06036376704772,18.855750738268405,379.35046160269445,60.901398358628,0.0310701962062321,0.005538588623632351,311.0561908071929,18.921818181818182,55.96666666666667,25916.56103219697,25943.251302083332,54.5,54.666666666666664,,,,,,,,,,,,,,,,,,,,,,,,,,,,,,,,,,,,,,,,,,,,,,,,
pydata__xarray-7209,pydata/xarray,True,3,,,,,,,,,,,,,,,,,,,,,,,,,,,,,,,,,,,1.4785359700520833,0.3693013536124561,73.1156036040241,28.71756555509153,47.38841756184896,21.73045367914481,25.72718604217515,6.996581989686926,0.005077472472501674,0.001994275385770245,48.372198197078596,10.159233511586454,45.233333333333334,7208.001655108066,7260.53125,42,42,,,,,,,,,,,,,,,,,,,,,,,,,,,,,,,,,,,,,,,,,,,,,,,,,,,,1.46870756149292,0.2886984259026673,138.63203309144382,66.01607337532484,80.13053385168314,24.940935359929938,58.501499239760676,42.43430817663092,0.009627224520239154,0.0045844495399531135,91.55988075757284,22.76496212121212,50.666666666666664,27002.065407492897,27067.830729166668,45.86601307189542,46,,,,,,,,,,,,,,,,,,,,,,,,,,,,,,,,,,,1.468892256418864,0.3792734140147413,465.2976547927279,128.8051707534391,72.3840840657552,28.23163225019646,392.9135707269727,100.71494774550358,0.032312337138383884,0.008944803524544381,315.86245620169,18.68463458110517,44.3,21053.73988274287,21113.778645833332,59,59,,,,,,,,,,,,,,,,,,,,,,,,,,,,,,,,,,,,,,,,,,,,,,,,
pydata__xarray-7578,pydata/xarray,True,2,,,,,,,,,,,,,,,,,,,,,,,,,,,,,,,,,,,,,,,,,,,,,,,,,,,,,,,,,,,,,,,,,,,,,,,,,,,,,,,,,,,,,,1.435830036799113,0.23145782639008267,449.62171322083475,80.752777842624,66.338984174033,19.31027741151645,383.2827290468017,61.443524099227595,0.031223730084780188,0.0056078317946266654,312.56851050655234,19.633131313131315,60.5,13908.074518623738,13932.388020833334,60,60,,,,,,,,,,,,,,,,,,1.3691327571868896,0.20902358063623525,430.702470823016,73.5723958724553,66.59155273685853,18.517801133996507,364.1109180861574,55.36606838818491,0.029909893807153885,0.0051091941578093976,314.049401032763,19.16831168831169,45.4,31902.639147050864,31943.5625,59,59,,,,,,,,,,,,,,,,,,,,,,,,,,,,,,,,,,,,,,,,,,,,,,,,,,,,,,,,,,,,,,,,,,,,,,,,,,,,,,,,,,
pydata__xarray-7809,pydata/xarray,True,6,,,,,,,,,,,,,,,,,,,,,,,,,,,,,,,,,,,1.3685720761617024,0.28887451976647155,421.4946356454808,92.26625069981782,53.992187502483524,14.815360153980922,367.50244814299725,77.45421216588677,0.02927046080871394,0.006407378520820683,307.67081282762126,13.418888888888889,44.733333333333334,7272.308506944444,7298.795572916667,59,59,1.402103344599406,0.17373656516387442,317.78279862518576,197.68535137467853,63.744852701822914,30.421495137794903,254.03794592336286,214.32465751838367,0.022068249904526792,0.013728149401019343,234.44394129086777,14.828138528138528,39.4,7250.965613162879,7288.423177083333,57.27777777777778,61,1.4032824834187825,0.17574182869694904,429.9196874605563,60.91305838609283,53.81837972253561,14.323466986824855,376.1013077380207,46.596072564344006,0.029855533851427522,0.004230073499034226,305.9710950426341,12.553535353535354,43.93333333333333,7279.0750394570705,7307.713541666667,61,61,1.43580158551534,0.23187110657498047,450.63172311429844,80.26199675650274,67.3405812556545,18.83633433213938,383.2911418586439,61.430739699209816,0.031293869660715165,0.005573749774757134,313.33220149315395,19.90161616161616,54.46666666666667,13704.052051767678,13732.66015625,60,60,1.4359171390533447,0.23151930379198196,451.28158035016725,81.85395864487029,67.21733093261719,19.9571608591442,384.06424941755006,61.90134806843641,0.03133899863542828,0.005684302683671549,313.64849430515807,18.69878787878788,51.699999999999996,25734.4780697601,25779.2890625,61,61,1.4024682839711506,0.26523737728029806,439.2721871619169,89.28773877814362,66.03648885091145,19.33054106674699,373.2356983110054,70.21567354939816,0.03050501299735534,0.0062005374151488605,312.71201430852585,18.932222222222222,45.03333333333334,31764.664307133837,31785.4609375,59,59,,,,,,,,,,,,,,,,,,,,,,,,,,,,,,,,,,,,,,,,,,,,,,,,,,,,,,,,,,,,,,,,,,,,,,,,,,,,,,,,,,
pydata__xarray-8277,pydata/xarray,True,7,,,,,,,,,,,,,,,,,,,,,,,,,,,,,,,,,,,1.3684470653533936,0.2890029563079629,422.83804670580406,91.85502939509162,55.51860046635071,14.904299743581367,367.3194462394533,76.95079043377334,0.029363753243458614,0.006378821485770252,308.75042259803104,13.61,44.5,7785.363845486111,7834.549479166667,60,60,1.402004877726237,0.1734588290177866,432.293381116483,60.21045579739623,54.81970723470052,14.075428425152763,377.4736738817824,46.136892409346196,0.030020373688644648,0.0041812816525969585,307.9665646837843,13.11883116883117,39.300000000000004,7583.7747480384205,7621.3125,61,61,1.4356997807820637,0.2323006244566079,449.4800038900276,80.33765830483324,67.41270446777344,18.816368157928505,382.06729942225417,61.52313366207343,0.031213889159029697,0.005579004048946752,312.5423877738934,20.051313131313133,60.53333333333333,12217.829482323232,12263.260416666666,58,58,,,,,,,,,,,,,,,,,,1.4356645743052165,0.23102320365847048,447.4912303957989,80.99600211586856,67.54102070629597,20.328630463940623,379.9502096895029,60.67139607104109,0.031075779888597145,0.005624722369157541,311.0719186834954,18.782626262626263,48.93333333333333,30143.3001657197,30182.23046875,58,58,1.4019218285878499,0.17338387676736486,433.28977775782744,72.8241649868879,66.9836934407552,21.721210996757534,366.30608431707225,51.16937313408493,0.030089567899849127,0.005057233679644992,308.03964193505544,18.79805194805195,50.4,35135.29143837933,35162.317708333336,57.72222222222222,58,1.4022342363993328,0.2649622143461089,441.42048787804686,90.25989426753031,67.3523610457778,20.27967166766229,374.06812683226906,70.27517546157947,0.030654200547086584,0.006268048213022938,314.2467283905544,19.146060606060605,49.666666666666664,18510.684154040406,18567.194010416668,58,58,1.402119477589925,0.17315268925211502,438.4503048252132,65.33803950919058,67.78395080566406,19.64674509696905,370.66635401954915,45.71072498948792,0.030447937835084253,0.004537363854804901,312.0862383411778,18.77857142857143,47.2,23906.61252029221,23940.43359375,56.55555555555556,56.666666666666664,,,,,,,,,,,,,,,,,,,,,,,,,,,,,,,,,,,,,,,,,,,,,,,,
pydata__xarray-8412,pydata/xarray,True,5,,,,,,,,,,,,,,,,,,,,,,,,,,,,,,,,,,,1.36887526512146,0.28918877941694726,418.8649643885638,90.70134708398766,56.305765787760414,14.67602922713043,362.55919860080337,76.02588184672116,0.02908784474920582,0.0062987046586102545,305.7837061731074,13.437777777777777,50.96666666666667,7309.688888888889,7346.467447916667,53.729166666666664,54,1.4018290837605794,0.2647320898199599,430.49678175316296,86.19081446712315,54.56656392415365,15.6805695135265,375.9302178290093,70.71696133958113,0.029895609843969648,0.00598547322688355,306.7021319921486,13.145757575757575,43.0,7428.966402304293,7461.4921875,60,60,,,,,,,,,,,,,,,,,,1.4355305035909016,0.23132927856893515,488.22957180689605,52.427127366918626,66.2442118326823,19.788704529863292,421.9853599742138,35.647843040667325,0.033904831375478894,0.0036407727338137945,342.2983944072582,19.80060606060606,55.666666666666664,15040.810116792929,15061.71875,60.833333333333336,63,,,,,,,,,,,,,,,,,,1.4023977915445964,0.17387830780789648,441.3428161919448,64.82210769460454,68.12332661698262,18.749403710236336,373.2194895749622,46.07393158239244,0.030648806679996168,0.004501535256569759,314.14491681874324,19.155194805194807,47.56666666666667,32771.19526176948,32801.106770833336,59,59,1.4355827172597249,0.2310837382892149,521.3096523997551,92.26123109664971,68.2289988224705,18.92518186780096,453.0806535772847,90.82065860912239,0.03620205919442744,0.006407029937267343,367.5846696821601,18.927474747474747,55.96666666666667,16527.000528724748,16563.98828125,61.833333333333336,63.666666666666664,,,,,,,,,,,,,,,,,,,,,,,,,,,,,,,,,,,,,,,,,,,,,,,,,,,,,,,,,,,,,,,,,
pydata__xarray-8415,pydata/xarray,True,5,,,,,,,,,,,,,,,,,,,,,,,,,,,,,,,,,,,1.502754847208659,0.29982235946514324,472.4081473231037,98.84714938035783,69.76213073730469,18.917530865513875,402.64601658579903,80.32103446381085,0.032806121341882204,0.006864385373635961,313.99120403865743,17.49496794871795,45.43333333333334,7491.370350060096,7519.095052083333,60,60,1.4376647472381592,0.32351752293786035,449.479109776293,106.3115445292714,65.6975402807196,20.56797688462897,383.7815694955734,85.95286796527976,0.031213827067798124,0.007382746147866067,312.1665436126029,17.61625,40.9,7425.651491477272,7477.220052083333,61,61,,,,,,,,,,,,,,,,,,1.6365057627360027,0.2317097037900548,523.8306369247648,80.056657676906,87.2638092065851,18.85875101797015,436.5668277181797,61.22663731216477,0.03637712756421977,0.005559490116451806,319.7735158284234,22.32051282051282,61.833333333333336,15963.293982136123,16001.165364583334,60,60,1.5708544254302979,0.20720204139484727,505.9084760565759,75.40541040458334,88.90224202722311,21.002882842612713,417.0062340293528,54.78304737675473,0.03513253305948444,0.005236486833651621,321.6128601512702,21.913141025641025,56.13333333333333,28743.73629891159,28784.369791666668,59.90196078431372,60,,,,,,,,,,,,,,,,,,,,,,,,,,,,,,,,,,,1.4705443382263184,0.3042431646741599,476.79359921784476,107.09086107247344,83.5927225748698,26.086014215636375,393.20087664297495,81.04722499708691,0.033110666612350334,0.007436865352255103,323.4717903976467,22.35955710955711,51.06666666666667,22709.637980996868,22758.01171875,60,60,,,,,,,,,,,,,,,,,,,,,,,,,,,,,,,,,,,,,,,,,,,,,,,,
pydata__xarray-8507,pydata/xarray,True,7,,,,,,,,,,,,,,,,,,,,,,,,,,,,,,,,,,,,,,,,,,,,,,,,,,,,1.5352612336476643,0.4938717399924267,469.3042180801206,159.17266131199673,62.47362772623698,28.693759616673304,406.8305903538836,130.5926344840931,0.03259057070000838,0.011053657035555327,304.67770918435343,12.917830940988836,57.266666666666666,7507.401735072767,7538.20703125,57,57,1.569463809331258,0.46340644627340727,494.9713827777187,160.87481389203538,79.65353393306334,38.52667625663226,415.3178488446554,122.3481377120302,0.03437301269289714,0.011171862075835792,313.7156265795919,19.41913875598086,58.666666666666664,12422.005887410287,12462.135416666666,55.25,55.333333333333336,1.568868637084961,0.4619204021809242,498.7695382489522,161.92518214892056,77.71577962239583,38.07964638338175,421.0537586265564,123.84599059110796,0.03463677348951057,0.011244804315897264,316.2212480408451,19.400797448165868,60.56666666666667,16792.546033941388,16827.959635416668,60,60,1.535797913869222,0.4940051961463396,484.93211082433595,168.3580448536018,78.05072021484375,38.36676755033083,406.8813906094922,130.17556407902828,0.03367584102946777,0.011691530892611234,314.22859762862964,18.64910685805423,48.2,30140.730051958733,30186.932291666668,59,59,1.5685567061106365,0.4625434598392726,497.95272081815665,162.16588265645842,79.73149108638366,39.273836164780086,418.221229731773,122.89484809209874,0.034580050056816435,0.011261519628920726,315.73220008150815,18.506539074960127,53.766666666666666,35292.9118259071,35349.96875,60,60,1.5352784792582195,0.40435032104736784,490.22528538500495,146.6664515845619,78.5845286026597,38.80950900025878,411.64075678234525,107.85701880038553,0.0340434225961809,0.010185170248927912,317.49164091212424,18.45016835016835,49.03333333333333,18601.50841093224,18626.05078125,60,60,1.5028252601623535,0.4369240584978376,479.4330355416361,153.21877708805397,78.03619893143575,37.38589083358156,401.39683661020035,115.99592220209169,0.03329396080150251,0.01064019285333708,317.43046750866034,18.737070707070707,44.0,23982.865832807238,24004.670572916668,61,61,,,,,,,,,,,,,,,,,,,,,,,,,,,,,,,,,,,,,,,,,,,,,,,,
pydata__xarray-8512,pydata/xarray,True,6,,,,,,,,,,,,,,,,,,,,,,,,,,,,,,,,,,,1.5688126881917317,0.46234414112739947,484.5550553009907,152.19304476855095,65.71802775065105,29.378656916191844,418.8370275503397,122.81772075030223,0.03364965661812436,0.010568961442260483,307.81007788255437,12.481977671451356,46.333333333333336,8137.990231259968,8161.58984375,59,59,1.468788464864095,0.4626496946512271,454.7040320909206,151.16511013549393,63.13738505045573,28.374849675991587,391.5666470404649,122.79527152605282,0.03157666889520282,0.010497577092742632,308.5603908320651,13.245185185185186,43.7,7686.719155092593,7702.46484375,60,60,,,,,,,,,,,,,,,,,,1.5359408060709636,0.40426464626831343,486.7459184670298,145.1246973963143,77.14822387943666,37.671599535133566,409.59769458759314,107.4623214321537,0.03380179989354374,0.01007810398585516,315.14675456642533,18.84023569023569,49.1,16196.444207702021,16235.791666666666,58.30555555555556,58.333333333333336,1.569604714711507,0.46262147676234816,495.24622823545275,159.94938786089517,77.7232971166571,37.60454237591378,417.52293111879567,122.34876659351451,0.034392099183017555,0.01110759637922883,313.9492834157073,18.37974481658692,50.56666666666666,31545.12285062799,31583.825520833332,59,59,1.5372648239135742,0.4923937118816701,490.320047916192,169.40220738582403,80.09352111816406,39.014530127980485,410.2265267980279,130.55918169672137,0.03405000332751333,0.011764042179571114,317.44636198993715,18.44657097288676,54.733333333333334,36623.93964937201,36667.66015625,60,60,,,,,,,,,,,,,,,,,,1.5691347122192383,0.46281746059654555,498.8374873939488,161.97059360146287,78.67349243164062,38.579660375267636,420.16399496230815,123.39219650526286,0.03464149218013533,0.011247957888990478,316.2343983970163,18.37129186602871,54.766666666666666,25474.12706838118,25517.69921875,60,60,,,,,,,,,,,,,,,,,,,,,,,,,,,,,,,,,,,,,,,,,,,,,,,,
pydata__xarray-8527,pydata/xarray,True,6,,,,,,,,,,,,,,,,,,,,,,,,,,,,,,,,,,,1.4355111916859944,0.23200175910048199,442.0557494704872,77.36579525111,56.49491882572571,15.791602742966298,385.5608306447615,61.57512268144615,0.0306983159354505,0.0053726246702159725,307.5300134082421,12.924040404040404,47.86666666666667,7985.874668560607,8018.807291666667,61,61,1.436039924621582,0.23225472082421603,436.84887791568036,76.42869582227307,54.2276357014974,14.961038770488017,382.621242214183,61.469335082475936,0.03033672763303336,0.005307548320991184,303.8008104729962,12.613535353535354,39.56666666666667,7582.765893308081,7623.760416666667,59.388888888888886,59.666666666666664,,,,,,,,,,,,,,,,,,1.4360289573669434,0.23178544700234208,449.8965742615693,80.707473772495,66.86371358235677,19.485988147734673,383.03286067921255,61.22168932676033,0.031242817657053425,0.005604685678645488,312.72859010790455,19.637575757575757,50.63333333333333,15602.00344854798,15651.1171875,58,58,,,,,,,,,,,,,,,,,,1.4357861677805583,0.2314708375460817,452.20190413163436,82.55311439437111,68.57360840092103,20.843014681944396,383.6282957307134,61.7167787907992,0.03140291000914128,0.005732855166275771,314.2791951399033,18.956969696969697,56.199999999999996,35727.473524305555,35767.901041666664,60,60,1.4355512460072835,0.2315836194024555,451.401338400695,81.90729248565648,68.52699279785156,20.460937156527947,382.87434560284345,61.45737270126267,0.031347315166714934,0.005688006422615033,313.8117989387155,18.824646464646463,49.233333333333334,18953.544925820708,18988.643229166668,58,58,1.4352095127105713,0.2311460295251274,450.0741995992147,81.6491361801445,67.43394470214844,20.26057107119363,382.64025489706626,61.38941419590882,0.03125515274994547,0.005670078901398923,312.9575242891479,18.758181818181818,48.53333333333333,24524.004979482324,24566.846354166668,59.47222222222222,59.666666666666664,,,,,,,,,,,,,,,,,,,,,,,,,,,,,,,,,,,,,,,,,,,,,,,,
pydata__xarray-8575,pydata/xarray,True,8,,,,,,,,,,,,,,,,,,,,,,,,,,,,,,,,,,,1.3685930569966633,0.20849061885001507,422.764797758303,69.89805296825355,56.18975830078125,14.666168990267106,366.57503945752177,55.49307650706122,0.029358666510993264,0.004854031456128717,308.53435503958525,13.495757575757574,43.46666666666667,7947.356234780844,7970.173177083333,61,61,1.3686216672261555,0.20872553275416092,139.26734476501906,26.88507569111375,52.94357809176048,13.562652210615651,86.32376667325858,13.52522681455796,0.009671343386459657,0.0018670191452162328,101.38306858028038,10.983939393939394,37.733333333333334,7640.170261769481,7684.045572916667,50.52777777777778,50.666666666666664,1.4354998270670574,0.23118995027550848,451.1124716917823,80.89407865373335,67.46692403405905,19.17768635307492,383.6455476577232,61.71648071641993,0.03132725497859599,0.005617644350953705,313.6815815184483,20.27050505050505,61.5,12852.595202020202,12884.19140625,60,60,1.4357375303904216,0.23141136664543624,450.4534397659931,80.57598037329517,66.94380696862936,19.46494542122877,383.50963279736374,61.11305963503709,0.03128148887263841,0.005595554192589943,313.1889834939414,19.544040404040405,52.53333333333333,15763.53952020202,15800.778645833334,60,60,1.4357388019561768,0.23141320336656726,446.7876555282407,79.74344615271657,66.2635192895929,18.678773960105794,380.5241362386478,61.06516898137623,0.03102692052279449,0.005537739316160872,310.65230357267154,18.84747474747475,53.1,30799.265317234847,30849.803385416668,58,58,1.402144988377889,0.17379084832427114,444.20114197158813,64.98283009253213,68.85621642818053,18.92967247979363,375.3449255434076,46.05529424165819,0.030847301525804734,0.0045126965342036215,316.25016424772554,18.944588744588746,42.7,35996.85847876082,36018.3359375,60.861111111111114,61,1.4022016525268555,0.17394702670660675,440.584321194156,65.32413100056549,67.17614237467448,19.404003670645768,373.4081788194815,45.92746008669524,0.030596133416260832,0.004536397986150381,313.6161171435626,19.09891774891775,44.93333333333334,19126.278713474025,19171.337239583332,58,58,1.368761698404948,0.20852974125864274,431.1008704773486,73.82036363255007,67.26610819250345,18.71784824864273,363.83476228484517,55.48911952041017,0.029937560449815877,0.00512641414114931,314.4055677459646,19.237445887445887,47.03333333333333,24669.45656452922,24702.709635416668,58,58,,,,,,,,,,,,,,,,,,,,,,,,,,,,,,,,,,,,,,,,,,,,,,,,
pydata__xarray-8627,pydata/xarray,True,7,,,,,,,,,,,,,,,,,,,,,,,,,,,,,,,,,,,1.4022671381632488,0.2647193696291856,431.6147675808614,85.0448618895869,55.31805928548177,14.895465378311743,376.29670829537963,70.45640698583185,0.02997324774867093,0.005905893186776871,307.52010532298027,13.208686868686868,45.9,7855.866737689394,7885.606770833333,61,61,1.3353308041890461,0.23140852322498578,412.4762937790004,76.34439152216333,54.342020670572914,14.85788748387346,358.13427310842746,61.489799770118715,0.02864418706798614,0.005301693855705788,308.50487687542545,13.935238095238095,41.833333333333336,7595.800465029762,7631.899739583333,61,61,1.43550443649292,0.23147025048422387,418.64823428043394,115.13099020540508,66.42416890462239,20.7097299306849,352.2240653758115,95.43943248380197,0.029072794047252357,0.007995207653153133,288.94335754937657,19.3420202020202,59.233333333333334,12781.18107638889,12823.5546875,56.833333333333336,57.666666666666664,1.4351548353830974,0.2314128749348009,450.51701258499753,80.80311289979001,67.53487141678731,19.372772681506895,382.98214116821026,61.436656094598156,0.03128590365173594,0.005611327284707641,313.34731343196694,19.916161616161617,57.93333333333334,17042.663099747475,17085.333333333332,59,59,1.4021079540252686,0.26493139690326606,437.132785852313,88.7899874485882,67.36578369388978,19.707320967272942,369.7670021584233,69.38376774867659,0.030356443461966184,0.006165971350596404,311.27655751138605,19.17787878787879,47.96666666666667,30640.440597380053,30685.51171875,54.895833333333336,55,1.4019251664479573,0.26525911076485886,489.65069089103156,144.7265588208712,68.8804016088446,19.88239788842554,420.7702892821869,124.85135622583473,0.03400352020076608,0.010050455473671609,345.27752430875074,19.145858585858587,51.9,35560.78589409722,35595.161458333336,60.71212121212121,62.333333333333336,1.402579387029012,0.26507893067262117,442.7439999266899,89.36720564847909,67.67036946366231,19.217304894564208,375.0736304630276,70.45915696071212,0.030746111106020133,0.006206055947811048,315.21018319239323,19.412828282828283,47.36666666666667,18968.512784090908,18999.493489583332,58,58,,,,,,,,,,,,,,,,,,,,,,,,,,,,,,,,,,,,,,,,,,,,,,,,,,,,,,,,,,,,,,,,,
pydata__xarray-8668,pydata/xarray,True,6,,,,,,,,,,,,,,,,,,,,,,,,,,,,,,,,,,,1.3686232566833496,0.2083881359244165,422.14470114289395,69.70993041948765,53.64854431152344,14.216406167227927,368.4961568313705,55.850161251791626,0.0293156042460343,0.004840967390242198,308.0789255361398,13.375974025974026,44.7,7236.711159023269,7263.647135416667,61,61,1.4019007682800293,0.17331951320440303,429.00954726046456,60.11260704527289,54.09166463216146,13.859410372340822,374.91788262830306,46.25440207553978,0.029792329670865595,0.004174486600366175,305.6280302874438,12.932251082251081,41.63333333333333,7266.917106331169,7300.463541666667,59,59,,,,,,,,,,,,,,,,,,1.4355099995930989,0.23117709430527472,449.48248332115674,80.41611298538419,66.72366841385762,19.238377208698648,382.75881490729915,61.17801536374847,0.031214061341746997,0.005584452290651682,312.55859276699124,19.85191919191919,55.53333333333333,13933.610369318181,13977.03515625,59,59,1.4022427399953206,0.2650584285855703,439.6753047700475,88.00088156754458,67.36923726399739,18.3545241681842,372.3060675060501,69.92469404538404,0.030533007275697743,0.006111172331079484,313.16388217208043,18.924242424242426,51.93333333333333,26191.9003353851,26238.010416666668,58.361111111111114,58.666666666666664,,,,,,,,,,,,,,,,,,1.4359711011250813,0.2318677797330306,451.7872238178253,81.14387923369442,67.05168151855469,19.359780427564754,384.7355422992706,61.78892143733398,0.031374112765126756,0.0056349916134510025,314.05051356003037,18.974747474747474,53.36666666666667,16860.86602746212,16891.30859375,60,60,1.4355324109395344,0.23164147783205893,448.360818236606,79.92929455167659,66.23066711674134,18.352112808969437,382.13015111986465,61.57801370707542,0.03113616793309764,0.0055506454549775425,311.80267114454193,18.5420202020202,52.3,20032.190861742423,20067.643229166668,60,60,,,,,,,,,,,,,,,,,,,,,,,,,,,,,,,,,,,,,,,,,,,,,,,,
pydata__xarray-8684,pydata/xarray,True,7,,,,,,,,,,,,,,,,,,,,,,,,,,,,,,,,,,,1.401877800623576,0.2647417244084788,429.0456577386292,83.95834912020757,54.816416420042515,14.442623852565397,374.2292413185867,69.78320585970438,0.02979483734296036,0.005830440911125524,305.8224115572534,13.389090909090909,43.6,7681.543631628788,7731.966145833333,56.19444444444444,56.333333333333336,1.4024166266123455,0.17444531392272647,430.3202217505998,60.061721082144786,54.48123677571615,14.337218916130974,375.83898497488366,45.72842109793832,0.02988334873268054,0.004170952852926721,306.47798631248514,13.103463203463203,44.833333333333336,7492.9946817505415,7517.462239583333,61,61,1.4019326368967693,0.26483255008459333,431.58948142660523,84.5885491808249,55.63575744877259,14.363120869120287,375.9537239778327,70.57223351391278,0.029971491765736477,0.005874204804223953,307.6214169886363,13.316262626262626,44.4,7585.728523516414,7618.1640625,61,61,1.4354277451833088,0.23089828539002272,448.2505223098828,78.99451203112541,66.17616780598958,18.34971370201904,382.0743545038932,60.645289146411706,0.03112850849374186,0.005485730002161485,311.7981111036627,19.723232323232324,60.13333333333333,16206.973753156566,16253.920572916666,58.361111111111114,58.666666666666664,1.4353617827097576,0.23133681859366018,450.9322103517883,80.43570636792825,67.27133178462584,19.33583649127617,383.66087856716246,61.101690590415565,0.0313147368299853,0.005585812942217237,313.6193937563731,18.745858585858585,47.766666666666666,29096.6125,29145.196614583332,61,61,,,,,,,,,,,,,,,,,,1.368585427602132,0.28920616132408034,433.6484559462233,96.55942202231958,67.04393005619447,19.6273728351311,366.6045258900288,76.9357404074932,0.03011447610737662,0.006705515418216639,316.39507998995947,19.211111111111112,51.3,17845.919140625,17879.733072916668,60,60,1.3353177706400554,0.23142393763561347,425.42321107206294,81.46075410292826,67.16331481933594,20.057206924122827,358.259896252727,61.40518529100517,0.029543278546671038,0.005656996812703353,317.9743058998725,19.35,44.766666666666666,23068.505394345237,23107.38671875,61,61,,,,,,,,,,,,,,,,,,,,,,,,,,,,,,,,,,,,,,,,,,,,,,,,
pydata__xarray-8711,pydata/xarray,True,6,,,,,,,,,,,,,,,,,,,,,,,,,,,,,,,,,,,,,,,,,,,,,,,,,,,,1.5354008674621582,0.40478901358077846,474.34812785660176,136.7570626711274,63.00865681966146,28.74241793637867,411.3394710369403,108.01664435107575,0.03294084221226401,0.00949701824105051,307.72969747685033,12.547811447811448,45.0,7243.693280460859,7294.763020833333,59,59,1.2349201838175456,0.05773041235379647,378.4734571602512,16.018616856144256,45.686686197916664,0.18673764739048512,332.7867709623345,15.833655233401984,0.02628287896946189,0.0011124039483433523,306.5174445703216,13.852424242424242,42.6,7201.218536931819,7234.610677083333,61,61,1.5694842338562012,0.46257664128583326,587.5296327223062,272.5832498015862,76.81139119714499,37.37042080530585,510.71824152516126,235.48008885104915,0.040800668939049045,0.018929392347332378,363.3143212225432,19.292344497607655,61.46666666666666,14200.467155103668,14218.90625,62.06111111111111,63.333333333333336,1.5363577206929524,0.4941029888928279,488.5584726678937,170.5583685400797,78.63168334960938,38.93729117084473,409.9267893182843,131.7523773706581,0.033927671713048176,0.011844331148616646,316.337597799678,18.713460925039872,51.666666666666664,26562.784536358653,26608.889322916668,61,61,,,,,,,,,,,,,,,,,,1.5359752972920735,0.40501981111721347,487.61202965066934,145.99153545212423,78.17685953776042,38.20067762149847,409.4351701129089,107.79173390731611,0.0338619465035187,0.010138301073064184,315.6588020064088,18.90892255892256,45.63333333333333,17094.26184369739,17127.3828125,58.27777777777778,58.333333333333336,1.5360898971557617,0.40512165722505783,488.30653344088796,146.14497402423447,78.14800008634727,38.43946538596487,410.1585333545407,107.70550864258469,0.033910175933394994,0.010148956529460726,316.092410152031,18.45622895622896,50.766666666666666,20164.896504103534,20215.477864583332,60,60,,,,,,,,,,,,,,,,,,,,,,,,,,,,,,,,,,,,,,,,,,,,,,,,
pydata__xarray-8737,pydata/xarray,True,5,,,,,,,,,,,,,,,,,,,,,,,,,,,,,,,,,,,1.268263339996338,0.05779445618905844,386.52480495598047,15.573245182139328,47.140238444010414,0.37827911670033515,339.3845665119701,15.831993473645937,0.026842000344165312,0.001081475359870788,304.81739775767596,13.879393939393939,40.86666666666667,7282.222762784091,7323.57421875,59,59,1.4355676968892415,0.23128269690147696,438.68639706403184,76.07170999840218,54.77284240474304,14.732821731103373,383.9135546592888,61.33890670519693,0.030464333129446658,0.005282757638777928,305.20868739340614,12.855757575757575,48.6,7391.349384469697,7437.813802083333,59,59,,,,,,,,,,,,,,,,,,1.4024225076039631,0.26485079746717,439.41383618982934,89.72771134871664,66.38046264400084,19.879405724732248,373.0333735458285,70.12286090417739,0.030514849735404814,0.006231091065883099,312.78539887825366,20.15161616161616,54.36666666666667,15351.149053030304,15380.92578125,59,59,1.4357452392578125,0.2317028190478138,452.0893540361159,80.41004116073135,67.28223673254251,18.639897901541357,384.8071173035734,61.772122523239645,0.03139509403028583,0.005584030636161898,314.36231657886594,18.84,54.53333333333333,27973.32157512626,28021.053385416668,60.895833333333336,61,,,,,,,,,,,,,,,,,,,,,,,,,,,,,,,,,,,1.4357364177703857,0.23139446922721887,449.38965441887905,81.01179595995191,66.65550232181947,19.572211794532613,382.7341520970596,61.440498655560845,0.031207614890199936,0.00562581916388555,312.4057090690711,18.604444444444443,52.3,21859.00013415404,21879.455729166668,59,59,,,,,,,,,,,,,,,,,,,,,,,,,,,,,,,,,,,,,,,,,,,,,,,,
pydata__xarray-8946,pydata/xarray,True,5,,,,,,,,,,,,,,,,,,,,,,,,,,,,,,,,,,,1.3686529795328777,0.28925864700223125,422.4872231583315,91.97901851787257,54.19829813639323,14.47475824905833,368.2889250219383,77.50457538311925,0.029339390497106356,0.006387431841518927,308.434975057646,13.364444444444445,43.63333333333333,7241.192795138889,7285.282552083333,61,61,,,,,,,,,,,,,,,,,,,,,,,,,,,,,,,,,,,1.4359495639801025,0.23132233216670925,448.13594927022353,79.94624315113619,65.62381489823262,18.656209079960455,382.5121343719909,61.29059154920024,0.031120552032654413,0.005551822441051125,311.54424699875676,19.88040404040404,55.666666666666664,13765.20510574495,13808.583333333334,60,60,1.4359629154205322,0.23138674853604552,446.46785260010756,80.67172580493148,66.03791300704081,19.12620163006161,380.42993959306676,61.54570755475522,0.03100471198611858,0.005602203180898018,310.31172301710694,18.765252525252524,51.166666666666664,25810.914962121213,25855.946614583332,58,58,,,,,,,,,,,,,,,,,,1.4351996580759685,0.23112648446696107,452.0430087659872,81.21768400155212,66.69490560144186,19.792489689265327,385.34810316454536,61.432805390118595,0.03139187560874911,0.0056401169445522295,314.3833334162555,19.254343434343433,52.733333333333334,16511.758120265153,16550.138020833332,60,60,1.435427983601888,0.231299914873432,449.60703811523814,79.61501557820293,66.47597249348958,18.491168458275933,383.1310656217486,61.12528241348048,0.031222710980224874,0.0055288205262640925,312.7229926807842,18.492727272727272,47.43333333333333,19703.91705334596,19734.940104166668,60,60,,,,,,,,,,,,,,,,,,,,,,,,,,,,,,,,,,,,,,,,,,,,,,,,
pydata__xarray-9014,pydata/xarray,True,5,,,,,,,,,,,,,,,,,,,,,,,,,,,,,,,,,,,1.435130516688029,0.23116708265179994,439.0277446193562,75.63874765517795,53.95228576660156,14.351116088636926,385.0754588527547,61.29402097559211,0.030488037820788627,0.005252690809387357,305.57260763051454,12.951111111111112,43.53333333333333,7162.309595959596,7201.131510416667,60,60,1.3350423177083333,0.23126031571461447,412.39443102040855,76.20703533276435,53.51828002681335,14.567588106079162,358.8761509935952,61.63951300129533,0.02863850215419504,0.0052921552314419695,308.5178039950807,13.656190476190476,39.46666666666667,7297.883128720238,7324.477864583333,61,61,,,,,,,,,,,,,,,,,,1.4361406167348225,0.23181091472254134,449.12845050671694,80.35373885891518,66.50981649011374,18.95691176058454,382.6186340166032,61.39684317195121,0.031189475729633123,0.005580120754091331,312.1855839563567,19.72888888888889,63.93333333333333,13889.824226641414,13924.451822916666,60,60,1.4023512204488118,0.26494353666009235,438.5930150979281,89.03909437576712,67.14663187662761,19.522293663982754,371.44638322130055,69.73650267192444,0.030457848270689456,0.006183270442761607,312.2562912043833,18.919696969696968,45.96666666666667,26025.68879024621,26067.3046875,57,57,1.4360706011454265,0.23140804689271646,447.1767643157575,80.11442230605635,65.99891153971355,19.019689669068136,381.177852776044,61.098649995314474,0.03105394196637205,0.00556350154903169,310.8289332747572,18.38060606060606,49.13333333333333,31946.156068497476,31994.279947916668,59,59,,,,,,,,,,,,,,,,,,,,,,,,,,,,,,,,,,,,,,,,,,,,,,,,,,,,,,,,,,,,,,,,,,,,,,,,,,,,,,,,,,
pydata__xarray-9079,pydata/xarray,True,6,,,,,,,,,,,,,,,,,,,,,,,,,,,,,,,,,,,1.4022167523701985,0.2650729790889261,429.4316446208132,84.40946598379313,54.290873209635414,14.499243094270467,375.1407714111778,70.09743213864314,0.029821641987556474,0.0058617684710967465,305.99268307828277,13.281717171717172,48.93333333333334,7163.359126420454,7190.51171875,59,59,1.3683394591013591,0.20835382963837126,146.58248183824728,38.75415204051508,50.886088053385414,12.693270271588533,95.69639378486185,26.14006077909261,0.01017933901654495,0.0026912605583691027,106.02961384957288,10.607792207792208,33.63333333333333,7210.1320211038965,7249.223958333333,52.99444444444445,53.333333333333336,1.401914914449056,0.26490209948015,430.9632229745743,84.96956621928429,54.4180348739028,14.410546299209399,376.5451881006715,70.8040284372024,0.02992800159545655,0.005900664320783633,307.1314171364864,13.22050505050505,46.86666666666667,7223.513557449494,7252.307291666667,61,61,,,,,,,,,,,,,,,,,,1.4356199105580647,0.23124767598582258,448.3492523353298,80.27255942031691,66.86179606119792,19.224017369672527,381.48745627413194,61.04858733095284,0.031135364745509018,0.005574483293077563,311.7436046243315,18.562020202020204,52.266666666666666,25886.92144886364,25926.748697916668,58.208333333333336,58.333333333333336,1.4354894955952961,0.23137218685423072,330.20579186108216,196.90604373218682,64.84871927897136,21.34755903199814,265.3570725821108,177.68917311451477,0.022930957768130703,0.013674030814735194,220.9336940532593,16.92989898989899,49.4,31961.165924873738,31984.274739583332,54.388888888888886,55.666666666666664,1.4353957970937092,0.23113431960159303,452.62200236198635,80.72168876956822,67.30436197916667,19.255827489483288,385.3176403828197,61.46672687061801,0.03143208349736016,0.005605672831220015,314.78412578138676,19.293737373737375,55.53333333333333,16546.093126578282,16572.143229166668,60,60,,,,,,,,,,,,,,,,,,,,,,,,,,,,,,,,,,,,,,,,,,,,,,,,,,,,,,,,,,,,,,,,,
pydata__xarray-9109,pydata/xarray,True,7,,,,,,,,,,,,,,,,,,,,,,,,,,,,,,,,,,,1.4019873936971028,0.264987286334942,428.7225610980867,85.04598850280381,55.228658037881054,15.026369231184068,373.49390306020564,70.22177547824859,0.029772400076256023,0.005905971423805822,305.47444348496407,13.544848484848485,49.6,7543.513072127525,7577.721354166667,57,57,1.4359598954518635,0.23248592606351273,439.8461156986919,76.25663860629636,54.79232279459635,14.59328440024186,385.05379290409553,61.66539691562933,0.030544869145742493,0.005295599903215024,305.9557298341726,13.112929292929293,45.43333333333333,7396.82196969697,7415.109375,60,60,1.4019274711608887,0.17322102364862785,429.09258827560217,60.37948394628617,55.31412251790365,14.647868911336264,373.77846575769854,45.73179219820594,0.02979809640802793,0.004193019718492095,305.66576232750833,12.955194805194806,38.333333333333336,7489.966052827381,7528.399739583333,59,59,1.4020729859670003,0.26471057577025237,439.3426468068235,89.72316884902291,66.67653910567363,20.004695136017684,372.6661077011498,70.05129379152523,0.03050990602825163,0.006230775614515479,312.81192565546945,19.933737373737372,55.666666666666664,15642.545521622475,15687.419270833334,58,58,1.4024523893992107,0.17420207472095156,441.6768062132306,66.06719296775934,67.81735229492188,19.703199774694443,373.85945391830865,46.364461699227874,0.030672000431474344,0.0045879995116499565,314.308459250798,19.068614718614718,44.56666666666666,28339.717498647187,28375.690104166668,60,60,,,,,,,,,,,,,,,,,,1.3686832586924236,0.2889743270710865,432.68979089751383,96.9122449365176,67.31831359863281,19.72370204411335,365.3714772988811,77.19027338407626,0.030047902145660683,0.006730017009480387,315.6125505991913,19.53,44.46666666666666,17121.725043402777,17156.044270833332,60,60,1.401635726292928,0.26502135831317564,440.09877409347985,89.28617669865127,67.69857279459636,19.746084947673317,372.4002012988835,69.78092458454964,0.030562414867602767,0.006200428937406339,313.5009510098652,18.946969696969695,48.333333333333336,22430.11016808712,22453.90234375,57.47222222222222,57.666666666666664,,,,,,,,,,,,,,,,,,,,,,,,,,,,,,,,,,,,,,,,,,,,,,,,
pydata__xarray-9116,pydata/xarray,True,7,,,,,,,,,,,,,,,,,,,,,,,,,,,,,,,,,,,1.535454511642456,0.4936421541953938,476.06949233221104,161.57879634625934,64.07820129394531,29.881787039760464,411.99129103826573,131.80680771204007,0.0330603814119591,0.011220749746268011,308.99956956550085,13.177687400318979,42.1,8081.963199636164,8112.94921875,61,61,1.5021529992421467,0.4364121423108661,458.19453092948453,142.3719754459412,62.8536122639974,28.501000511414958,395.34091866548715,114.02416549425166,0.03181906464788087,0.009886942739301472,303.96926141067934,13.232659932659933,45.233333333333334,7588.330548979377,7630.12109375,53.09090909090909,53.333333333333336,1.56926163037618,0.4622451134544244,497.8112109670082,162.16330284188527,80.51879373937845,39.71807320540522,417.29241722762976,122.45695502625598,0.034570222983820016,0.01126134047513092,315.47990112703553,19.738437001594896,54.9,13471.777462121212,13501.033854166666,59,59,1.5350399017333984,0.4936811969681707,489.49509597414374,170.51453015500113,78.31721496830384,38.66997163841602,411.1778810058399,131.93858081907408,0.03399271499820443,0.011841286816319524,317.25223135949483,19.282137161084528,48.833333333333336,16204.091324636163,16240.69140625,59.03333333333333,59.333333333333336,1.502338965733846,0.4367758815526881,480.41256254404783,154.85624941878518,78.98870341231425,38.63708900391615,401.42385913173354,116.35287152540303,0.03336198351000332,0.010753906209637863,318.0292178109136,18.75127946127946,43.233333333333334,31407.435569234007,31434.954427083332,61,61,1.535988410313924,0.4934001302712615,489.1135236673296,169.03098671148192,79.8801320369045,38.04281088961732,409.2333916304251,131.0852282271602,0.033966216921342336,0.011738262966075134,316.9585680635581,18.898325358851675,49.666666666666664,36425.41777935606,36477.415364583336,59,59,,,,,,,,,,,,,,,,,,1.6019915739695232,0.6091245176389034,180.23545195708672,82.99897057764157,79.8656616260608,44.79021677369796,100.36979033102591,38.272714296639414,0.012516350830353244,0.005763817401225109,110.49646793376829,16.03047619047619,49.800000000000004,25293.101603648087,25342.735677083332,48.02020202020202,48.333333333333336,,,,,,,,,,,,,,,,,,,,,,,,,,,,,,,,,,,,,,,,,,,,,,,,
pydata__xarray-9243,pydata/xarray,True,6,,,,,,,,,,,,,,,,,,,,,,,,,,,,,,,,,,,1.5020709037780762,0.3471816608653721,166.1184787843426,62.66968425639722,57.22940572351217,19.782952955643815,108.88907306083044,42.9000243894889,0.011536005471134904,0.004352061406694252,108.32562240815342,10.236898395721926,52.36666666666667,7566.135583778966,7598.444010416667,53.5462962962963,54,1.5022637049357097,0.34683259625583773,463.48830367751697,114.55933004135908,58.85740153491497,21.89184077682676,404.630902142602,92.6686569269521,0.03218668775538312,0.007955509030649935,307.82174568540364,12.615329768270945,47.4,7351.521996156417,7410.516927083333,61,61,,,,,,,,,,,,,,,,,,1.5026576519012451,0.3472091424893718,473.5788425149454,120.57685690265873,72.64059957116842,28.308489355676983,400.93824294377697,92.27027911791507,0.03288741961909343,0.008373392840462412,314.1197347117776,19.570944741532976,62.1,15548.58096590909,15593.140625,59,59,1.4023241996765137,0.3468192947530022,445.97842142329324,120.0409195141094,72.44174194335938,27.90547988803969,373.53667947993387,92.13752505335395,0.03097072370995092,0.008336174966257597,316.9885905566135,19.490833333333335,43.233333333333334,28096.618424479166,28137.15234375,59,59,,,,,,,,,,,,,,,,,,1.4683867295583088,0.3791886823263922,465.9222711385814,129.72571413689687,72.76046244303386,29.007995706033878,393.1618086955475,100.94629604358012,0.032355713273512596,0.009008730148395618,316.32638179409236,18.741550802139038,51.0,17015.15901849376,17048.569010416668,60,60,1.4357174237569172,0.40565947972666294,188.33963644844394,102.55371221430748,68.81339518229167,26.23756638486287,119.52624126615227,76.31614591358196,0.013079141420030829,0.007121785570438019,125.3495271879806,16.726470588235294,43.5,22146.113334865197,22186.96875,51.30976430976431,51.666666666666664,,,,,,,,,,,,,,,,,,,,,,,,,,,,,,,,,,,,,,,,,,,,,,,,
pydata__xarray-9369,pydata/xarray,True,4,,,,,,,,,,,,,,,,,,,,,,,,,,,,,,,,,,,,,,,,,,,,,,,,,,,,1.402120590209961,0.2650074384528391,428.5331077500455,84.55306043082749,54.71683247635762,15.121263954427898,373.8162752736879,69.60269575107021,0.02975924359375316,0.005871740307696352,305.3523533504578,13.135353535353536,48.06666666666666,7514.255164930555,7546.529947916667,59,59,,,,,,,,,,,,,,,,,,,,,,,,,,,,,,,,,,,,,,,,,,,,,,,,,,,,1.3686652183532715,0.20875242955975137,439.3619205783666,81.0286467507733,68.54825846105814,19.796175050196243,370.81366211730847,61.49711580303693,0.03051124448460879,0.0056269893576925915,320.0545041070327,19.392510822510822,45.733333333333334,34071.80171300055,34103.072916666664,61.24444444444445,61.333333333333336,1.501895825068156,0.34664965638252243,470.30510153095366,119.85506075057732,72.89236958821614,28.736432517702408,397.41273194273754,91.12325283894774,0.032660076495205116,0.008323268107678982,312.0860092507993,18.47326203208556,48.93333333333334,17635.196544953207,17674.432291666668,57,57,1.4020006656646729,0.2650452065422551,440.886581646701,89.60433846717602,67.46413675944011,19.608520541851163,373.4224448872609,70.29716774296982,0.030617123725465347,0.006222523504665,313.96823781544987,19.00909090909091,46.56666666666667,22803.615321180558,22837.255208333332,59,59,,,,,,,,,,,,,,,,,,,,,,,,,,,,,,,,,,,,,,,,,,,,,,,,
pydata__xarray-9393,pydata/xarray,True,4,,,,,,,,,,,,,,,,,,,,,,,,,,,,,,,,,,,1.3683690230051677,0.20848433066960237,422.84847163748185,69.88435118941847,55.890665690104164,14.722582489757885,366.9578059473777,55.50580307680496,0.02936447719704735,0.0048530799437096145,308.6505215370717,13.502813852813853,40.03333333333333,7871.042145224567,7917.375,60,60,1.4351905981699626,0.23117141845105071,436.6101852215048,75.305359727377,55.09272257735332,14.796200935261025,381.5174626441515,60.50916624835798,0.030320151751493392,0.005229538869956736,303.87126622047515,12.775757575757575,40.833333333333336,7638.972474747475,7672.798177083333,58,58,,,,,,,,,,,,,,,,,,,,,,,,,,,,,,,,,,,1.4350818792978923,0.23146998960093126,449.39188794474137,80.94927801717039,68.03976948807637,19.9296573013888,381.35211845666504,61.01969136642892,0.031207769996162597,0.005621477640081275,312.55765324498,18.796767676767676,48.13333333333333,30580.42230113636,30623.735677083332,60,60,,,,,,,,,,,,,,,,,,,,,,,,,,,,,,,,,,,1.4018260637919109,0.17359465717147968,155.56412276440727,29.95519930984256,65.69070434570312,18.38842831227866,89.87341841870415,11.567439912875747,0.010803064080861615,0.0020802221742946218,110.37922400429771,16.614935064935064,48.13333333333333,24406.04129464286,24443.868489583332,50.52777777777778,50.666666666666664,,,,,,,,,,,,,,,,,,,,,,,,,,,,,,,,,,,,,,,,,,,,,,,,
pydata__xarray-9407,pydata/xarray,True,5,,,,,,,,,,,,,,,,,,,,,,,,,,,,,,,,,,,1.5035206476847331,0.5196031423941879,467.90874637977606,167.76204429286338,64.83342997481425,29.14108915419087,403.0753164049618,138.62223776453985,0.03249366294304001,0.011650141964782177,310.379891573487,13.231052631578947,50.766666666666666,7680.524890350877,7720.756510416667,60,60,1.5357169310251872,0.49420319990809136,472.9580700286474,160.4503101036703,63.69099426269531,29.245295606536494,409.2670757659521,131.35711918734805,0.03284431041865607,0.011142382646088215,306.96068208588144,13.116905901116427,44.266666666666666,7528.097524795654,7560.989583333333,59,59,1.5352110068003337,0.4937674998544219,474.1757347261192,160.55383458124817,63.904693603515625,29.2578247398948,410.27104112260355,131.39847454831622,0.03292887046709161,0.01114957184592001,307.874462280872,13.026172248803828,40.63333333333333,7652.585487689394,7678.302083333333,61,61,,,,,,,,,,,,,,,,,,1.5033209323883057,0.5196540418753849,478.67837598797735,177.48253186193637,78.51405843595664,39.729376999399825,400.1643175520207,137.753158897723,0.033241553888053985,0.012325175823745583,316.76901619780807,18.811244019138755,50.233333333333334,29686.463612689393,29730.001302083332,59.39393939393939,59.666666666666664,,,,,,,,,,,,,,,,,,1.569301684697469,0.46234403871720336,498.3038553663479,161.83533210641295,78.74680582433939,38.79780136488395,419.5570495420085,123.03784785529567,0.03460443440044082,0.011238564729612013,315.84133734303543,18.37878787878788,47.6,18338.242492773126,18377.084635416668,60,60,,,,,,,,,,,,,,,,,,,,,,,,,,,,,,,,,,,,,,,,,,,,,,,,,,,,,,,,,,,,,,,,,
pydata__xarray-9415,pydata/xarray,True,5,,,,,,,,,,,,,,,,,,,,,,,,,,,,,,,,,,,1.4353218078613281,0.2313932615447316,437.9798479937497,74.61139158699328,55.98329162349304,14.098105624122713,381.99655637025666,60.515540776351244,0.030415267221788174,0.005181346637985643,304.86536336533663,13.314747474747476,53.1,7497.434501262626,7540.561197916667,57.611111111111114,57.666666666666664,1.4351636568705242,0.23105435120479426,439.893427958649,75.98321291184482,55.04254150390625,14.784854485288573,384.8508864547428,61.19915962655897,0.030548154719350625,0.0052766120077670006,306.1521463368248,12.885858585858585,45.13333333333333,7360.486931818182,7389.158854166667,61,61,,,,,,,,,,,,,,,,,,1.4024096330006917,0.26508511379192645,440.5888479046813,88.97834830929361,67.25918579101562,19.0610021984579,373.3296621136656,70.18455261703299,0.030596447771158424,0.006179051965923167,313.7090216726201,20.046868686868688,54.733333333333334,15931.20343276515,15968.438802083334,60,60,1.3689448833465576,0.2083623292751176,430.7847911026219,74.36027368870128,68.06223551680644,19.698926744267133,362.7225555858155,55.17143323256373,0.029915610493237633,0.005163907895048699,314.09820881414447,19.696709956709956,43.266666666666666,28699.370572916665,28734.609375,58,58,,,,,,,,,,,,,,,,,,1.4354804356892903,0.23119362879553007,451.8865408902797,80.79369661235427,67.54337565104167,19.31546707524545,384.3431652392381,61.48981918772002,0.031381009784047204,0.005610673375857935,314.2412486517359,18.78121212121212,50.36666666666667,17381.200386679295,17422.263020833332,59,59,,,,,,,,,,,,,,,,,,,,,,,,,,,,,,,,,,,,,,,,,,,,,,,,,,,,,,,,,,,,,,,,,
pydata__xarray-9451,pydata/xarray,True,5,,,,,,,,,,,,,,,,,,,,,,,,,,,,,,,,,,,1.3686449527740479,0.20865629553615547,422.5102589329139,70.02845676186197,55.223958333333336,15.16502299196257,367.28630059958056,55.19799730142983,0.029340990203674575,0.004863087275129303,308.32961635675895,13.613896103896103,43.666666666666664,7415.31373444264,7442.947916666667,60,60,1.3358040650685628,0.23140669578562265,410.89658297687157,75.61472744859032,54.042266845703125,14.278087579149496,356.85431613116845,61.33685979078889,0.028534484928949413,0.0052510227394854374,307.24755713665365,13.668571428571429,39.0,7356.808816964286,7395.002604166667,59,59,,,,,,,,,,,,,,,,,,,,,,,,,,,,,,,,,,,,,,,,,,,,,,,,,,,,1.4021620750427246,0.1737768556808517,442.64647460290587,65.62096669334773,68.21556599934895,19.160873693280063,374.43090860355693,46.46184093599165,0.030739338514090688,0.004557011575926925,315.09111051491647,18.91948051948052,42.06666666666667,33348.1673430736,33393.850260416664,60.75,61,1.368516445159912,0.28943799824172284,432.1333225485664,96.00601212761899,66.52761332442363,18.673026383918433,365.6057092241428,77.3333798314217,0.030009258510317112,0.006667084175529097,315.3328098990575,19.44333333333333,48.666666666666664,16625.152604166666,16663.234375,59,59,1.4022070566813152,0.17367124034205775,440.6243097512603,65.32908783170785,67.14791361739238,19.687376433356494,373.47639613386787,45.641734364248975,0.030598910399393074,0.004536742210535268,313.6395597060848,18.895021645021643,45.1,21796.33433103355,21837.524739583332,59,59,,,,,,,,,,,,,,,,,,,,,,,,,,,,,,,,,,,,,,,,,,,,,,,,
pydata__xarray-9453,pydata/xarray,True,7,,,,,,,,,,,,,,,,,,,,,,,,,,,,,,,,,,,,,,,,,,,,,,,,,,,,1.4355584780375164,0.23139299392530444,440.4339175911182,76.27221535938725,55.45672098795573,14.962851599897828,384.97719660316244,61.31103805567139,0.030585688721605428,0.005296681622179671,306.43579191670545,12.872727272727273,47.0,7594.048106060606,7627.7734375,61,61,1.4361770153045654,0.23183982567476277,450.65714847111536,80.92471034222525,68.52822875479858,19.685720950780016,382.12891971631683,61.240283640572606,0.03129563531049412,0.005619771551543419,313.22020245045644,20.075757575757578,64.9,12631.318663194445,12672.479166666666,59,59,1.4022713502248128,0.17407983771831909,440.8802300031675,65.43793043076535,67.22642517338197,19.13476058471951,373.65380482978554,46.31764843694289,0.030616682639108855,0.0045443007243587035,313.80922990633013,20.124891774891775,56.86666666666667,16995.704816017314,17030.75390625,58,58,1.4352373282114665,0.23109709290856756,448.40548507986966,80.61033031229672,67.68902079264323,20.011592300948905,380.7164642872264,60.60396321011211,0.03113926979721317,0.005597939605020604,311.8412994900845,18.98787878787879,50.13333333333333,30520.848887310607,30559.015625,60,60,1.4016583760579426,0.17367253938693494,440.8667242274814,65.30862402213324,68.45794169108073,19.397374818522042,372.4087825364007,45.91332881122632,0.030615744738019545,0.004535321112648141,313.9391434804859,19.168181818181818,42.56666666666666,35480.986235119046,35504.671875,58,58,1.4689379533131917,0.2895812774926354,465.0719967175944,104.60051573617984,72.58319600423177,28.010321988905773,392.48880071336265,76.59076882592315,0.03229666643872183,0.007263924703901378,315.5418941743356,18.750378787878788,51.93333333333334,18835.772312973484,18879.591145833332,58.217320261437905,58.666666666666664,1.4355874061584473,0.2314542275544985,450.79798368676506,80.15308883093122,68.3520812963446,19.172540772954857,382.44590239042043,60.98083619584085,0.03130541553380313,0.005566186724370225,313.4964192027243,18.882424242424243,50.36666666666667,24374.96833175505,24422.055989583332,59,59,,,,,,,,,,,,,,,,,,,,,,,,,,,,,,,,,,,,,,,,,,,,,,,,
pydata__xarray-9457,pydata/xarray,True,6,,,,,,,,,,,,,,,,,,,,,,,,,,,,,,,,,,,1.3019622961680095,0.0002522669494525056,397.89252799016816,0.3590853339912535,47.364206947386265,0.294856859234762,350.5283210427819,0.13243863134744813,0.027631425554872788,2.4936481527171374e-05,305.60987927336254,13.824242424242424,36.86666666666667,7637.279947916667,7669.1015625,61,61,1.4352453549702961,0.23137425967171218,439.0733031840623,76.37213165544736,54.30133565266927,14.596306786878019,384.771967531393,61.77945539907973,0.030491201610004324,0.005303620253850509,305.5331547792754,12.846666666666666,41.36666666666667,7475.622348484849,7509.34765625,61,61,,,,,,,,,,,,,,,,,,,,,,,,,,,,,,,,,,,1.4356389045715332,0.23134626830962216,448.4452872609297,81.02401082924696,67.79357401529948,19.95294211849025,380.6517132456302,61.075431095024236,0.031142033837564566,0.005626667418697708,311.7570443689163,18.735353535353536,48.266666666666666,29581.727335858584,29624.497395833332,58.47222222222222,58.666666666666664,1.4357673327128093,0.23174260733061613,449.7227473521034,81.46404892488486,67.54250081380208,19.925199305909565,382.1802465383013,61.53897763500677,0.03123074634389607,0.005657225619783672,312.6098361665665,18.790909090909093,61.43333333333334,34789.40888573232,34826.8515625,59,59,1.402237892150879,0.26526033341744915,441.271511078653,89.33569246508195,66.5515085880955,18.962971261968956,374.72000249055753,70.62047491407566,0.03064385493601757,0.00620386753229736,314.2206639138586,19.053939393939395,54.9,18248.91603929924,18289.403645833332,60,60,1.4024871190388997,0.1733849172886428,439.7029886923883,64.53149783660834,66.5454813639323,18.719793886177097,373.157507328456,45.813534342910074,0.030534929770304742,0.004481354016431136,312.95328388950026,19.06233766233766,49.833333333333336,23579.17206946699,23607.247395833332,58,58,,,,,,,,,,,,,,,,,,,,,,,,,,,,,,,,,,,,,,,,,,,,,,,,
pydata__xarray-9482,pydata/xarray,True,5,,,,,,,,,,,,,,,,,,,,,,,,,,,,,,,,,,,1.535441557566325,0.4046864605044828,475.51850342007475,137.01016207136746,64.06180318196614,29.305539545470328,411.4567002381086,107.70462429503146,0.033022118293060745,0.009514594588289408,308.4862132585289,12.76986531986532,40.6,7993.654684869529,8032.290364583333,60,60,,,,,,,,,,,,,,,,,,,,,,,,,,,,,,,,,,,1.5687007904052734,0.46258952110686513,496.84464837206076,161.5896643695582,78.26350402583678,38.67996536039436,418.581144346224,122.91024357790322,0.03450310058139311,0.011221504470108206,315.0250193328803,18.96842105263158,49.4,16075.54951654705,16108.27734375,59,59,1.6310288111368816,0.5697304285776303,514.1133229200868,189.0583562627349,78.55965678393841,37.61834393751493,435.5536661361485,151.44104969481177,0.0357023140916727,0.013129052518245478,314.0006613035905,18.604784688995217,45.86666666666667,31281.506030701756,31324.89453125,60,60,1.5356743335723877,0.4045375543672678,489.2660707384822,146.54702122141958,80.71882629394531,39.533888154478745,408.5472444445369,107.02211876795056,0.03397681046795015,0.010176876473709693,316.7738757442006,18.82861952861953,50.800000000000004,36326.130274095114,36379.790364583336,58,58,,,,,,,,,,,,,,,,,,1.5359197457631428,0.4935848836622323,488.055451014181,169.38712062093228,79.3562062556545,38.40218692417495,408.6992447585265,131.1263556866958,0.03389273965376257,0.011762994487564741,316.2174286942504,18.829952153110046,52.1,25198.023890425637,25242.427083333332,58,58,,,,,,,,,,,,,,,,,,,,,,,,,,,,,,,,,,,,,,,,,,,,,,,,
pydata__xarray-9509,pydata/xarray,True,6,,,,,,,,,,,,,,,,,,,,,,,,,,,,,,,,,,,1.4354986349741619,0.23110225891212993,439.4622215272916,75.22963176014763,54.71090189615885,14.507216323139295,384.7513196311328,60.72242248674452,0.03051820982828414,0.005224279983343588,305.82766844693225,12.648888888888889,41.86666666666667,7528.129308712121,7552.705729166667,59.895833333333336,60,1.435227870941162,0.2311678381436927,438.15058914566373,75.611676780909,54.46361796061198,14.371199340725429,383.68697118505173,61.24053208159318,0.030427124246226647,0.005250810887563124,304.93240859742326,12.753939393939394,40.166666666666664,7374.518868371212,7418.19921875,60,60,,,,,,,,,,,,,,,,,,1.4363632202148438,0.23135934501560712,450.187689427899,80.0592236413486,66.40852864583333,18.90827164979704,383.7791607820657,61.15330229668153,0.03126303398804854,0.005559668308426986,312.8974883832093,19.665858585858587,59.333333333333336,15514.027249053031,15560.649739583334,60,60,1.435288906097412,0.23149181673868138,450.4899408796165,80.37312486627206,66.79124959558249,19.011412453215964,383.698691284034,61.364390030172615,0.03128402367219559,0.005581467004602227,313.3298075378031,18.743434343434345,45.56666666666666,28272.957938762625,28302.596354166668,61,61,1.4358372688293457,0.23166504817943528,449.83518641758627,80.49689765051683,68.16229248046875,19.238195521709084,381.67289393711746,61.25881245051902,0.031238554612332377,0.005590062336841447,312.7398311265823,18.794747474747474,51.7,33637.787760416664,33671.1015625,59,59,,,,,,,,,,,,,,,,,,1.401965061823527,0.265390491049485,439.44686558005094,88.80949918074438,66.7738037109375,18.88847501621435,372.67306186911344,70.1677639961135,0.030517143443059093,0.006167326331996136,312.9960980814812,18.93858585858586,48.0,22232.837496054293,22272.575520833332,58,58,,,,,,,,,,,,,,,,,,,,,,,,,,,,,,,,,,,,,,,,,,,,,,,,
pydata__xarray-9517,pydata/xarray,True,7,,,,,,,,,,,,,,,,,,,,,,,,,,,,,,,,,,,1.401760498682658,0.17349116282280572,430.93840841811897,60.325554523202555,55.79236348718405,14.745925925808953,375.1460449309349,45.58454326029357,0.02992627836236937,0.004189274619666844,307.0390563697246,13.225541125541126,41.333333333333336,7480.09993066829,7511.372395833333,59,59,,,,,,,,,,,,,,,,,,1.401948054631551,0.1736010758122666,430.44486547620426,61.45707774086023,55.50745137284199,15.713618622643308,374.9374141033623,45.74347870865872,0.02989200454695863,0.004267852620893072,306.5810112714247,13.134632034632034,35.43333333333333,7416.178613704004,7466.372395833333,61,61,1.4360617796579997,0.231568697574242,448.01377341119445,80.76456705481,67.23258972167969,19.53113160618709,380.78118368951476,61.2334360514922,0.031112067597999615,0.005608650489917363,311.3809301330791,19.76141414141414,57.46666666666667,15546.610527146466,15586.569010416666,57,57,1.4351868629455566,0.23142990205065267,447.9904393557641,79.69976151831733,68.41653442631166,18.947401940658573,379.57390492945245,60.75279100471633,0.03111044717748362,0.0055347056609942585,311.62843425326,18.844444444444445,48.86666666666667,28074.96920770202,28093.60546875,56.05555555555556,56.333333333333336,1.4355952739715576,0.23137969626293173,448.66017749483717,79.91564899455246,67.88329060624044,18.99352056754654,380.7768868885967,60.922129331405884,0.0311569567704748,0.00554969784684392,311.99655519206897,18.95171717171717,54.166666666666664,33464.39500473485,33499.302083333336,59,59,1.4352435270945232,0.2310514566849795,450.23319951050814,81.155156987398,67.52597554276387,20.029602351896127,382.70722396774426,61.12616428850791,0.031266194410451954,0.005635774790791528,313.0950922351067,18.87333333333333,49.1,16936.995233585858,16977.361979166668,59,59,1.4023610750834148,0.17372353515094088,442.1499979971647,65.34812194322419,67.41967264811198,19.55059024937293,374.73032534905275,45.79921424144663,0.030704860972025325,0.004538064023835014,314.70292600192687,18.811471861471862,41.833333333333336,22104.05933779762,22146.2421875,60,60,,,,,,,,,,,,,,,,,,,,,,,,,,,,,,,,,,,,,,,,,,,,,,,,
pydata__xarray-9520,pydata/xarray,True,5,,,,,,,,,,,,,,,,,,,,,,,,,,,,,,,,,,,,,,,,,,,,,,,,,,,,1.3686962922414143,0.28910426444160425,422.6104388446302,91.18475934293828,54.74056498209635,14.165262654990686,367.86987386253384,77.03116805720087,0.02934794714198821,0.006332274954370716,308.5881675226697,13.622222222222224,43.03333333333334,7374.950520833333,7404.04296875,59.37689393939394,60,1.4351692994435628,0.23129255521530692,438.2254332479504,74.97210293355528,55.08792623132467,13.858523706824386,383.1375070166257,61.11523869520981,0.030432321753329886,0.005206396037052449,305.0450186948172,12.786464646464646,44.833333333333336,7389.737492108586,7424.12109375,61,61,,,,,,,,,,,,,,,,,,1.4022342363993328,0.17351142609465095,441.074863937921,65.35587476068892,67.82585652917624,19.46681565349015,373.2490074087448,45.88999547328891,0.030630198884577846,0.00453860241393673,313.95408094532337,19.09805194805195,44.36666666666667,27537.665812702922,27577.520833333332,59,59,1.3689440091451008,0.28937619162520256,432.7237942011049,96.79333610294029,68.30820211023092,19.299701414755702,364.415592090874,77.49405866068957,0.03005026348618784,0.0067217594515930745,315.5988981241514,19.663333333333334,52.266666666666666,33125.5109375,33158.29296875,60,60,1.4353541533152263,0.2315106060570645,450.52777879704377,80.58036937238845,66.84530639400084,19.365529891813285,383.6824724030429,61.21564389478094,0.03128665130535026,0.005595858984193642,313.32807117355657,18.86,54.06666666666666,16604.785905934343,16636.8046875,59,59,,,,,,,,,,,,,,,,,,,,,,,,,,,,,,,,,,,,,,,,,,,,,,,,,,,,,,,,,,,,,,,,,
pydata__xarray-9552,pydata/xarray,True,7,,,,,,,,,,,,,,,,,,,,,,,,,,,,,,,,,,,1.469045639038086,0.28935275900567586,448.8150622621977,98.84612315663269,61.51304626216491,23.059970957560665,387.30201600003284,75.78851989015762,0.031167712657097068,0.006864314108099494,304.6565239311781,13.364204545454546,40.7,8088.198967211174,8117.037760416667,56,56,1.50204865137736,0.36060010013132804,463.3166524093939,114.7900507121761,63.20807902266582,19.356140978891236,400.10857338672804,95.43399774265308,0.03217476752843013,0.007971531299456673,308.09275666188097,12.720065359477124,39.199999999999996,7682.81407909518,7710.791666666667,57,57,1.7027146816253662,0.3473771741003285,537.656536975578,119.38654216350157,89.1075439453125,28.703974798440793,448.5489930302654,90.68543557339582,0.03733725951219291,0.008290732094687607,315.053712802105,18.471390013495277,58.233333333333334,13497.960399797572,13545.44921875,55.78333333333333,56,1.7030188242594402,0.3474044975361153,542.0527091751388,120.47943229801487,87.85802205651999,28.313720321288876,454.19468711861884,92.16689002023459,0.03764254924827353,0.0083666272429177,317.56377279049536,17.956680161943318,53.7,16163.476931511472,16200.665364583334,58.03333333333333,58.333333333333336,1.702715317408244,0.3469554439911459,541.1508697157973,119.83397801734122,88.15481567382812,28.283600028408618,452.9960540419692,91.55939358677887,0.03757992150804148,0.00832180402898203,317.11643584337924,17.586909581646424,44.96666666666667,31509.604419703104,31542.06640625,59,59,1.7020721435546875,0.34703875961405994,193.68158015391032,49.525146685867554,86.57925415039062,27.59195027148747,107.10232600351969,21.933326682365717,0.013450109732910439,0.0034392462976296917,113.0564257892676,15.391632928475033,52.8,36527.12191611842,36582.721354166664,48.2,48.333333333333336,,,,,,,,,,,,,,,,,,1.669527292251587,0.3795806974359034,534.1099037557353,128.61602582726493,89.00933837890625,28.22231077030608,445.10056537682914,100.61086644805073,0.03709096553859273,0.00893166846022673,319.3401965714185,17.782995951417004,48.666666666666664,25527.503003489794,25555.15625,59,59,,,,,,,,,,,,,,,,,,,,,,,,,,,,,,,,,,,,,,,,,,,,,,,,
pydata__xarray-9561,pydata/xarray,True,5,,,,,,,,,,,,,,,,,,,,,,,,,,,,,,,,,,,1.4354496002197266,0.23108112281588444,441.40343667508495,76.55781840108162,55.89391580969095,15.090988344968686,385.509520865394,61.47152620115379,0.030653016435769787,0.00531651516674178,307.1196812950109,12.813939393939394,44.46666666666667,7798.656691919192,7847.610677083333,61,61,1.3683689435323079,0.20837534733129442,418.61975413163924,68.72910329414474,54.42307027429342,14.462111241183468,364.1966838573458,54.636162031751276,0.029070816259141614,0.004772854395426718,305.5915898756475,13.423852813852813,39.8,7568.654824472403,7597.76953125,59,59,1.435344139734904,0.23132008098804663,450.2408357333093,79.70400600348881,68.24891153971355,18.439892290292708,381.9919241935958,61.265758877902215,0.03126672470370204,0.005535000416908944,313.18442160625756,19.954141414141414,56.9,12797.177470012626,12828.024739583334,59,59,,,,,,,,,,,,,,,,,,1.3355594476064045,0.23202408359450566,422.07944757772674,80.77203459980612,67.56019083162148,19.342953041825126,354.5192567461052,61.435782205040745,0.029311072748453244,0.005609169069430981,315.43436852437515,19.406190476190474,44.9,30374.578999255955,30401.138020833332,60,60,1.4348257382710774,0.23124565838421196,448.62171333373254,80.3124401212613,68.22436523685853,19.242857654401416,380.397348096874,61.07597360531641,0.03115428564817587,0.0055772527861987,312.10889702469217,18.763838383838383,46.93333333333334,35479.753701073234,35516.89453125,58,58,,,,,,,,,,,,,,,,,,,,,,,,,,,,,,,,,,,,,,,,,,,,,,,,,,,,,,,,,,,,,,,,,,,,,,,,,,,,,,,,,,
pydata__xarray-9586,pydata/xarray,True,4,,,,,,,,,,,,,,,,,,,,,,,,,,,,,,,,,,,1.4360531171162922,0.2318132233041745,438.51428747260405,76.38822672928727,55.0929921468099,15.024894042915856,383.4212953257941,61.364553077101455,0.03045238107448639,0.005304737967311616,304.97058815112285,12.946262626262627,41.733333333333334,7448.631368371212,7481.239583333333,58,58,,,,,,,,,,,,,,,,,,,,,,,,,,,,,,,,,,,,,,,,,,,,,,,,,,,,1.4355379740397136,0.23142233648589253,452.4618857894937,80.26945097379921,67.7821756998698,19.008599961613918,384.6797100896239,61.26141096019686,0.03142096429093706,0.005574267428736057,314.6764518753998,18.804848484848485,45.46666666666667,27786.340064709595,27834.483072916668,60.895833333333336,61,1.4358160495758057,0.23113704286301862,449.66428104921846,79.18774431909054,68.45827738195658,18.076258029737783,381.2060036672619,61.11220278101222,0.031226686183973503,0.005499148911047953,312.70427792438164,18.953535353535354,49.166666666666664,33372.83578756313,33416.197916666664,58.861111111111114,59,,,,,,,,,,,,,,,,,,1.4358648459116619,0.23084860378806712,448.78747622771726,79.88874008878831,66.9005788192153,18.909426134846143,381.88689740850197,60.97971174790494,0.031165796960258143,0.00554782917283252,312.0186499786363,18.875959595959596,51.46666666666667,21737.57275094697,21790.938802083332,59,59,,,,,,,,,,,,,,,,,,,,,,,,,,,,,,,,,,,,,,,,,,,,,,,,
pydata__xarray-9619,pydata/xarray,True,7,,,,,,,,,,,,,,,,,,,,,,,,,,,,,,,,,,,1.4020539124806721,0.2649229938680975,431.57123920205146,85.49915403268804,55.49540710697571,15.162934468654973,376.0758320950758,70.59843463351551,0.02997022494458691,0.005937441252270001,307.5012952120302,13.36111111111111,44.43333333333333,7565.382504734848,7599.1953125,60,60,1.3685787518819172,0.289103251762914,140.17084000787952,32.02909748898847,53.2396799698472,13.566175810008057,86.93116003803232,18.462939236199716,0.0097340861116583,0.002224242881179755,102.19291085863179,11.05888888888889,44.8,7432.344314236111,7472.186197916667,50.333333333333336,50.333333333333336,1.5020190874735515,0.3467028924821863,150.32842788398926,73.43108171752098,81.86795552819967,64.87968743606457,68.4604723557896,70.0377691102924,0.010439474158610367,0.005099380674827846,100.09639895341076,18.91800356506239,45.46666666666667,7482.330631684492,7522.680989583333,48.96296296296296,51,,,,,,,,,,,,,,,,,,1.40237291653951,0.26531469912815264,439.0059780090846,88.9123483098628,66.81292215983073,18.974382392788648,372.1930558492538,70.11143783767693,0.03048652625063087,0.00617446863262936,312.5684845414355,19.037777777777777,49.8,29306.273682133837,29333.322916666668,58,58,1.435503641764323,0.23123811785739715,451.80466919319827,81.0688080095692,69.19864908854167,19.98195085349959,382.6060201046566,61.08710046489262,0.03137532424952766,0.005629778333997859,314.15955265187984,18.772929292929295,52.666666666666664,34384.077178030304,34418.828125,59,59,1.4351832071940105,0.23115697800005028,448.8170486418307,80.91218936952795,66.79343668619792,19.703674577118093,382.02361195563276,61.2091071630247,0.031167850600127132,0.005618902039550552,312.1247900807732,18.641414141414142,50.5,17938.762894570707,17962.514322916668,58,58,1.3688595294952393,0.288958777185152,431.8071191873966,95.9704217296561,66.68878173579772,19.027291861112037,365.11833745159885,76.94359577382936,0.029986605499124762,0.006664612620115006,314.9967891717031,19.20777777777778,43.333333333333336,23260.953602430556,23301.595052083332,58,58,,,,,,,,,,,,,,,,,,,,,,,,,,,,,,,,,,,,,,,,,,,,,,,,
pydata__xarray-9651,pydata/xarray,True,6,,,,,,,,,,,,,,,,,,,,,,,,,,,,,,,,,,,1.4015960693359375,0.26511263280980896,429.56477782500696,84.35103162486334,54.89142862955729,14.393741661371944,374.67334919544965,70.16989481259093,0.029830887348958817,0.005857710529504399,306.24047906107967,13.197474747474747,41.9,7288.262377683081,7334.678385416667,58,58,1.4020601908365886,0.2649641459537331,430.3412041058492,84.52084054457016,54.37174988041321,14.058931316209831,375.96945422543604,70.76730352340368,0.029884805840683974,0.005869502815595152,306.6900261725748,13.400101010101011,42.1,7316.659075126263,7337.01953125,61,61,,,,,,,,,,,,,,,,,,,,,,,,,,,,,,,,,,,1.4021633466084797,0.1737575859097232,442.4880822546244,65.17077599185488,66.60005696614583,18.762752524050864,375.8880252884785,46.42776153922232,0.030728339045460025,0.004525748332767699,315.00187461563337,18.812554112554114,44.733333333333334,26763.712095846862,26789.087239583332,61,61,1.3688619136810303,0.2890577228574012,432.69346313595,95.70182617286075,66.89826456954081,18.85483947447535,365.7951985664092,76.85258636523363,0.03004815716221875,0.006645960150893109,315.6895362707576,19.092222222222222,49.7,32313.795659722222,32342.520833333332,60,60,1.4352387587229412,0.23120083659867102,452.85462337904835,80.62557010927156,66.98683674633503,18.782923862633123,385.8677866327133,61.844970977154844,0.03144823773465614,0.00559899792425497,314.99186153211747,18.961616161616163,51.5,17508.808869949495,17537.305989583332,60,60,1.402087132136027,0.2648486751550067,439.9526701851885,88.94247908008792,66.6251780167222,18.84183808235393,373.3274921684663,70.30794404908566,0.03055226876286031,0.00617656104722833,313.3149780806116,19.117171717171715,48.6,20537.20812026515,20579.122395833332,58.303030303030305,58.333333333333336,,,,,,,,,,,,,,,,,,,,,,,,,,,,,,,,,,,,,,,,,,,,,,,,
pydata__xarray-9666,pydata/xarray,True,6,,,,,,,,,,,,,,,,,,,,,,,,,,,,,,,,,,,1.4018719991048176,0.2648645645890232,432.7204116886954,85.19309117606349,56.7281188989679,14.65775325932272,375.99229278972746,70.82921589477654,0.030050028589492735,0.005916186887226633,308.40166262467693,13.411717171717171,46.1,7899.597328756313,7918.203125,60.35290404040404,61,1.3686332702636719,0.2890620568776182,418.2201643755048,90.34117825113151,55.17719014485677,14.756106661327731,363.042974230648,75.6084935785259,0.029043066970521166,0.006273692934106355,305.38591745924884,13.487777777777778,46.0,7559.917274305556,7588.938802083333,57.06060606060606,57.333333333333336,,,,,,,,,,,,,,,,,,1.4353999296824138,0.23124987836199495,449.65256327265,81.04643666631077,67.06616719812155,19.53255374873448,382.58639607452847,61.52282829764735,0.031225872449489586,0.005628224768493805,312.6609607317166,19.818383838383838,61.733333333333334,17224.391114267677,17259.65625,58,58,1.4354509512583415,0.2318695195766287,449.0803466418054,81.64523489398508,67.81961568196614,20.30062925742818,381.2607309598393,61.34627900557521,0.03118613518345871,0.0056698079787489645,312.2148055564572,18.73171717171717,56.266666666666666,30811.663044507575,30835.252604166668,58,58,1.4349059263865154,0.23130707640045065,452.4177410770655,80.83986382007254,69.07413228601217,19.59335242870984,383.3436087910533,61.24669633260849,0.031417898685907324,0.005613879431949482,314.74364992790356,19.036969696969695,53.53333333333333,35698.42934027778,35735.708333333336,60,60,1.3685299555460613,0.28917068479753555,433.2519084355741,96.07278632970394,67.77599080403645,19.07573364004507,365.47591763153764,77.01772988403708,0.030086938085803757,0.006671721272896107,316.1557564175464,19.624444444444446,47.86666666666667,18948.25525173611,18995.8125,58,58,,,,,,,,,,,,,,,,,,,,,,,,,,,,,,,,,,,,,,,,,,,,,,,,,,,,,,,,,,,,,,,,,
pydata__xarray-9684,pydata/xarray,True,5,,,,,,,,,,,,,,,,,,,,,,,,,,,,,,,,,,,1.4015851020812988,0.2647777532659153,154.99865804452608,49.090275751665395,53.98328653971354,13.48927134237504,101.01537150481253,35.662243605010765,0.010763795697536533,0.0034090469271989858,108.98896259944642,10.685656565656565,42.266666666666666,7653.355689709596,7677.600260416667,53.048611111111114,53.333333333333336,,,,,,,,,,,,,,,,,,1.4020389715830486,0.17358633660421147,429.6045214073791,61.47697884783973,55.755462646484375,15.674334992571854,373.8490587608947,45.80276268155828,0.029833647319956882,0.004269234642211092,305.9543734244987,13.16017316017316,56.93333333333333,7615.305135619588,7649.4296875,57.77777777777778,58,,,,,,,,,,,,,,,,,,1.4355182647705078,0.23142862400079703,449.7994554353125,79.77153850492164,67.48045857747395,18.527254574880068,382.31899685783856,61.24598300052705,0.031236073294118923,0.005539690173952891,312.83104061711487,18.70929292929293,50.1,29812.152146464647,29852.8046875,60,60,1.4355415503184001,0.23156848664072205,447.3875553127362,79.55331274181444,68.87673441569011,19.236025874614988,378.5108208970461,60.318137834382235,0.031068580230051122,0.005524535607070445,311.1365084968626,18.976767676767675,51.53333333333333,34845.384280303035,34879.614583333336,54.611111111111114,54.666666666666664,1.3688047726949055,0.28912553216853626,434.8310111167224,96.77126671084544,67.11308797448874,19.586993285234914,367.7179231422336,77.19221528021639,0.03019659799421683,0.006720226854919822,317.2084035244663,19.4,46.733333333333334,18338.742838541668,18385.399739583332,60,60,,,,,,,,,,,,,,,,,,,,,,,,,,,,,,,,,,,,,,,,,,,,,,,,,,,,,,,,,,,,,,,,,
pydata__xarray-9687,pydata/xarray,True,7,,,,,,,,,,,,,,,,,,,,,,,,,,,,,,,,,,,1.369145154953003,0.20820929380964043,421.9205638433343,70.1351625432007,56.249450688560806,15.299865366405282,365.67111315477354,55.109206944875964,0.029300039155787105,0.0048704973988333835,307.7595907451052,13.382207792207792,38.4,7923.50032129329,7964.634114583333,58.71111111111111,59,1.4022340774536133,0.26510628441035816,431.1661565763514,84.95965389357637,54.53472391764323,14.625639975431143,376.63143265870815,70.52166145652208,0.02994209420669107,0.005899975964831692,307.21121358206034,13.16909090909091,44.666666666666664,7497.111075599747,7531.31640625,60,60,1.5017213821411133,0.3466821790257837,149.88185581963373,59.84464223233261,68.9223073348403,26.476037100376068,80.95954848479342,34.66114419568457,0.010408462209696786,0.004155877932800876,97.61538717399002,17.56934046345811,57.56666666666666,12477.895889037432,12510.42578125,47.5,47.666666666666664,1.4354323546091716,0.23104008822914893,451.65971368479063,81.25989690748152,67.97315470377605,19.951937174463545,383.68655898101457,61.309422674735316,0.03136525789477712,0.005643048396352882,314.0555623500795,19.96040404040404,62.36666666666667,16728.139764835858,16758.52734375,59.583333333333336,59.666666666666664,1.435753583908081,0.23149056635245965,447.26794381895326,80.44778381213654,66.78574625651042,19.224982061224207,380.4821975624428,61.22317642956774,0.0310602738763162,0.005586651653620592,310.9415687292263,18.885656565656564,44.46666666666667,30091.519767992424,30132.212239583332,59,59,1.4355985323588054,0.2311883500436654,451.1997644173569,81.94653512260822,70.04373677819967,21.081107581556335,381.15602763915723,60.873290710387856,0.03133331697342756,0.005690731605736683,313.6484731342906,18.865050505050505,52.56666666666666,35185.77185132576,35229.029947916664,57,57,,,,,,,,,,,,,,,,,,1.4021798769632976,0.1732896475439507,442.340793688488,65.75390958395084,67.57184854894876,19.58779448050676,374.76894513953926,46.17001013403535,0.030718110672811667,0.004566243721107697,314.8526854804357,19.02012987012987,46.63333333333333,23943.26985254329,23990.60546875,60,60,,,,,,,,,,,,,,,,,,,,,,,,,,,,,,,,,,,,,,,,,,,,,,,,
pydata__xarray-9688,pydata/xarray,True,7,,,,,,,,,,,,,,,,,,,,,,,,,,,,,,,,,,,1.4017062187194824,0.17327284776283247,426.90470407639344,59.76191099519861,54.94902547200521,14.65954681827671,371.9556786043882,45.10677826299237,0.029646160005305098,0.004150132707999905,304.17349813864735,13.122294372294371,40.56666666666667,7351.50751657197,7380.970052083333,56.93333333333333,57,1.3693446318308513,0.2885396205274346,420.67489644704983,91.22241787852323,54.7298838297526,14.553598762688704,365.94501261729727,76.66883195135378,0.02921353447548957,0.006334890130453001,306.9665637523216,13.475555555555555,39.833333333333336,7318.566840277778,7358.33203125,59.708333333333336,60,1.401967207590739,0.17344020381001618,430.29914517257475,60.17720525208624,54.9769032796224,14.555042531235053,375.3222418929524,45.62240062257364,0.0298818850814288,0.004178972586950431,306.5403493709267,13.087012987012988,44.800000000000004,7265.999602610931,7291.235677083333,60,60,1.4357811609903972,0.23085030974864834,474.17576229166156,121.70365487258161,66.21662394454081,19.24860702379834,407.95913834712076,102.46287362886808,0.03292887238136539,0.008451642699484833,327.1007304198059,19.667878787878788,63.13333333333333,14133.672585227272,14152.625,60.65972222222222,61,1.3352595170338948,0.2316476366896797,149.47081327193868,33.23601576172999,64.96901448567708,18.295325525510105,84.50179878626159,14.940800992084226,0.010379917588329074,0.0023080566501201376,111.35563687257188,17.446666666666665,44.86666666666667,26287.57609747024,26332.345052083332,49.75757575757576,50,1.3683633009592693,0.2889037107562815,94.13947973858949,33.91046205653734,63.72022501627604,18.363029210190522,30.419254722313447,15.551394163978769,0.006537463870735382,0.002354893198370649,67.47536482333705,16.72888888888889,43.43333333333333,32204.773567708333,32239.192708333332,45.952651515151516,46.333333333333336,,,,,,,,,,,,,,,,,,1.4691839218139648,0.2891847480693541,465.1966346386141,104.10737878901114,71.82611084232728,27.259254593991148,393.3705237962868,76.85038761868945,0.032305321849903756,0.007229679082570218,315.60641212636665,18.395833333333336,48.266666666666666,20233.255637428978,20269.329427083332,61,61,,,,,,,,,,,,,,,,,,,,,,,,,,,,,,,,,,,,,,,,,,,,,,,,
pydata__xarray-9719,pydata/xarray,True,4,,,,,,,,,,,,,,,,,,,,,,,,,,,,,,,,,,,,,,,,,,,,,,,,,,,,1.4352861245473225,0.23134845947790939,439.0333829756793,75.36229305456594,54.711822509765625,14.402605995216419,384.32156046591365,60.95968774272595,0.030488429373311064,0.005233492573233747,305.5657792087021,12.935555555555556,46.166666666666664,7361.961379419192,7384.412760416667,60,60,1.435136079788208,0.23123662344190146,437.6869589513673,75.29625381550991,54.68811544030905,14.59459002747466,382.9988435110582,60.7016688550691,0.03039492770495606,0.005228906514965968,304.6472536905708,12.840202020202021,48.96666666666667,7262.032741477273,7306.411458333333,60,60,1.4358750979105632,0.2314672974266139,449.9286953278548,81.22961483796644,67.11004638671875,20.08620783106124,382.8186489411361,61.143479645732015,0.03124504828665658,0.005640945474858779,312.74278310226646,19.86868686868687,59.733333333333334,14379.009958964647,14417.645833333334,59.763888888888886,60,,,,,,,,,,,,,,,,,,1.402254581451416,0.1732949434440986,442.7195667620685,64.84822360483487,67.38244629402955,18.845409810150425,375.33712046803896,46.00776596708555,0.03074441435847698,0.004503348861446866,315.15878838598627,18.904978354978354,44.03333333333333,32231.572832115802,32280.377604166668,61,61,,,,,,,,,,,,,,,,,,,,,,,,,,,,,,,,,,,,,,,,,,,,,,,,,,,,,,,,,,,,,,,,,,,,,,,,,,,,,,,,,,
pydata__xarray-9720,pydata/xarray,True,3,,,,,,,,,,,,,,,,,,,,,,,,,,,,,,,,,,,1.5356972217559814,0.49410349950792837,88.02678002830022,36.471762698637356,61.375244138141476,27.574793698682186,26.65153589015874,8.928920039538001,0.006112970835298626,0.002532761298516483,56.34676436600802,10.74578947368421,44.4,7636.711843351276,7674.115885416667,42.97222222222222,43,1.5352264245351155,0.4042921958498772,471.6759307013353,136.6016216321789,63.10440572102865,29.441097244204073,408.5715249803066,107.16162582346169,0.03275527296537051,0.009486223724456868,305.9542487218334,12.666161616161617,42.36666666666667,7573.159584122474,7595.05078125,58,58,,,,,,,,,,,,,,,,,,,,,,,,,,,,,,,,,,,,,,,,,,,,,,,,,,,,1.6022753715515137,0.5208154079120892,511.3141777745731,185.7268502568254,85.06816609948874,47.27155349625885,426.2460116750844,138.45575774879447,0.03550792901212313,0.012897697934501762,316.75396890859923,18.56530303030303,43.666666666666664,34260.59022253788,34309.303385416664,58,58,,,,,,,,,,,,,,,,,,,,,,,,,,,,,,,,,,,,,,,,,,,,,,,,,,,,,,,,,,,,,,,,,,,,,,,,,,,,,,,,,,
pydata__xarray-9766,pydata/xarray,True,5,,,,,,,,,,,,,,,,,,,,,,,,,,,,,,,,,,,,,,,,,,,,,,,,,,,,1.4017303784688313,0.17336015294433887,429.5250985321071,60.31409588405004,54.29407755533854,13.937661583065081,375.2310209767686,46.3789137750826,0.02982813184250744,0.00418847888083681,306.0263503772105,12.97034632034632,38.333333333333336,7258.995738636364,7293.270833333333,60,60,,,,,,,,,,,,,,,,,,1.4362256526947021,0.23137148437477903,450.2237717010379,79.8394726965159,66.71555582682292,18.68766993554778,383.50821587421495,61.15185424558185,0.03126553970146096,0.005544407826146937,312.96895265864714,19.895757575757575,63.36666666666667,13922.62073074495,13943.411458333334,60,60,1.3359173933664958,0.23174380135360903,421.6914963813214,81.08622745910547,67.28651428222656,19.98650595796043,354.4049820990948,61.10337187151101,0.029284131693147315,0.005630988017993433,315.02092908010593,19.61,44.0,25865.397972470237,25904.520833333332,58,58,1.402422030766805,0.17315880363847302,438.255374594246,65.44374907812063,67.37894185384114,19.82007052725525,370.8764327404049,45.62389562239889,0.030434401013489307,0.00454470479709171,311.87212261602474,18.68095238095238,46.666666666666664,31902.641605790042,31925.752604166668,55,55,,,,,,,,,,,,,,,,,,1.4355360666910808,0.23106570610940666,447.57383579734295,80.75694971492285,66.59798177083333,20.04351933687811,380.97585402650964,60.72002593194778,0.031081516374815484,0.005608121507980755,311.17617863715253,18.703434343434346,49.96666666666667,19763.78212594697,19807.389322916668,58,58,,,,,,,,,,,,,,,,,,,,,,,,,,,,,,,,,,,,,,,,,,,,,,,,
pydata__xarray-9782,pydata/xarray,True,7,,,,,,,,,,,,,,,,,,,,,,,,,,,,,,,,,,,1.368551254272461,0.28884472025532176,140.82191879888194,32.09938047453706,53.69319153080384,13.363240726226254,87.12872726807811,18.736904100134634,0.009779299916589023,0.0022291236440650734,102.67471415032782,11.091111111111111,41.833333333333336,7362.340104166667,7390.838541666667,49.515151515151516,49.666666666666664,1.4021405378977458,0.2649537856921872,429.18468251637614,83.93369230995458,55.105387369791664,14.464323804823735,374.0792951465845,69.79427159262025,0.02980449184141501,0.005828728632635733,305.8733906858194,13.368888888888888,42.733333333333334,7427.348784722222,7454.0859375,59,59,1.402984857559204,0.2640552245565731,429.7099459497074,84.528881850278,55.01569112141927,14.844702109779885,374.6942548282881,69.89612509914366,0.02984096846872968,0.005870061239602639,305.9926715772357,13.07090909090909,44.233333333333334,7259.302493686869,7308.993489583333,61,61,1.4362475077311199,0.23177564571585094,450.374665288902,79.59028946782641,66.77991739908855,17.988234203690343,383.5947478898135,61.6027435628807,0.03127601842284042,0.005527103435265722,313.09619092775824,19.805252525252524,61.03333333333333,15351.059974747475,15397.631510416666,60,60,1.4355360666910808,0.23125772395945812,451.40585529540976,80.3970328217577,67.07669576257467,18.93219743096805,384.3291595328351,61.46681801748282,0.03134762883995901,0.0055831272792887295,313.91711563678206,18.84888888888889,51.6,27927.00796243687,27959.510416666668,61,61,1.4357252915700276,0.23169282793034648,449.15585877125795,81.4577415725995,68.99574279785156,20.490310571757888,380.16011597340633,60.981359347146594,0.031191379081337355,0.005656787609208298,312.2176583741814,19.02141414141414,49.93333333333333,33419.69440498737,33450.380208333336,58,58,,,,,,,,,,,,,,,,,,1.4025217692057292,0.264988198669505,440.0440009582079,88.40363191367422,66.59518941740195,18.35652071384233,373.44881154080593,70.33155236457574,0.030558611177653325,0.006139141105116263,313.3305837284883,19.066565656565658,52.0,21871.086513573235,21898.791666666668,59,59,,,,,,,,,,,,,,,,,,,,,,,,,,,,,,,,,,,,,,,,,,,,,,,,
pydata__xarray-9881,pydata/xarray,True,5,,,,,,,,,,,,,,,,,,,,,,,,,,,,,,,,,,,,,,,,,,,,,,,,,,,,1.4686277707417805,0.37879414599892075,450.7391147173037,121.94468268209572,58.33604939778646,22.00618171764934,392.4030653195172,100.10206101441764,0.03130132741092387,0.008468380741812203,306.32513052496813,12.951336898395722,43.9,7512.02566427139,7554.287760416667,59,59,1.5023399988810222,0.3471181145682555,459.70031483540936,114.4384765803838,59.932332354287304,22.92610914930012,399.76798248112203,91.51248395042661,0.031923632974681204,0.007947116429193319,305.2214880322271,12.832620320855616,48.833333333333336,7525.949963792335,7575.532552083333,59,59,,,,,,,,,,,,,,,,,,1.568794886271159,0.46258993692087313,498.9588096142596,161.46194366469408,78.83006286621094,38.39109479573204,420.1287467480487,123.07087722400183,0.034649917334323585,0.011212634976714866,316.4374599940236,18.48261562998405,45.766666666666666,29151.69905053828,29201.940104166668,61,61,,,,,,,,,,,,,,,,,,1.5366394519805908,0.4062038032497966,489.7617377889529,146.61723290164196,78.45923360437155,38.41990966335129,411.3025041845814,108.19737767290037,0.03401123179089951,0.010181752284836245,316.9442258659129,18.455892255892255,49.233333333333334,17882.684764309764,17898.052083333332,60,60,1.5358463923136394,0.49417295548861934,490.28742593630693,169.37243246718216,78.17266337076823,38.182070992984464,412.1147625655387,131.35145676020716,0.03404773791224354,0.01176197447688765,317.79365265508306,18.525757575757577,50.8,22996.273539673046,23040.951822916668,60,60,,,,,,,,,,,,,,,,,,,,,,,,,,,,,,,,,,,,,,,,,,,,,,,,
pydata__xarray-9977,pydata/xarray,True,6,,,,,,,,,,,,,,,,,,,,,,,,,,,,,,,,,,,1.368332068125407,0.20863470505400886,423.0150604296917,70.71804540443716,56.29010009765625,15.343585168288858,366.72496033203544,55.712220330673645,0.029376045863173033,0.004910975375308138,308.72483220988875,13.804718614718615,40.800000000000004,7777.92700385552,7814.559895833333,60,60,1.4349501132965088,0.23122483331347382,159.6258909892804,52.31215762237489,52.763285321493946,13.368370727647124,106.86260566778647,38.945060586301004,0.011085131318700028,0.0036327887237760327,109.3910360187955,10.586060606060606,45.5,7568.924171401515,7606.02734375,53.798611111111114,54.333333333333336,1.4354901313781738,0.23124285683641949,445.98704885178637,80.47791743495978,68.78833007564147,19.513412535312753,377.1987187761449,60.97162120035241,0.03097132283692961,0.005588744266316651,310.08604390966127,20.29010101010101,59.266666666666666,12424.514070391413,12456.595052083334,52,52,1.4354030291239421,0.23172766446071583,452.10760682038466,80.4131180596844,67.89033000171185,19.16408191656294,384.2172768186728,61.24904061881465,0.031396361584748934,0.0055842443097003066,314.45159858225225,20.055959595959596,57.56666666666667,16643.18079229798,16691.197916666668,60,60,1.4351521333058674,0.23142483292411065,448.8777580409977,79.97114837590445,68.18906148274739,19.08584954058094,380.68869655825034,60.89000667665527,0.03117206653062484,0.00555355197054892,312.2453717339071,18.86747474747475,51.96666666666667,30110.305011047978,30148.55859375,59,59,1.435914675394694,0.23155210905922616,452.34234244854247,81.39000993642276,69.64467875659466,19.98816704517945,382.6976636919478,61.40219301547416,0.03141266267003767,0.005652084023362691,314.43254054733745,19.126868686868686,52.833333333333336,35197.602982954544,35232.380208333336,59,59,,,,,,,,,,,,,,,,,,,,,,,,,,,,,,,,,,,,,,,,,,,,,,,,,,,,,,,,,,,,,,,,,,,,,,,,,,,,,,,,,,
pylint-dev__pylint-5596,pylint-dev/pylint,True,3,,,,,,,,,,,,,,,,,,,,,,,,,,,,,,,,,,,1.568403959274292,0.1155316917353697,166.22076917193334,39.32972381846824,51.787933349609375,9.275094979907243,114.43283582232395,30.60423270220288,0.011543108970273148,0.0027312308207269615,105.17067940718971,9.198290598290598,56.03333333333334,7107.041266025641,7131.493489583333,51.851190476190474,52,,,,,,,,,,,,,,,,,,,,,,,,,,,,,,,,,,,1.636542558670044,0.23159055337562615,518.9405075733387,78.61230330355052,82.77083841711283,17.778095664924496,436.1696691562259,60.83514369769662,0.036037535248148525,0.005459187729413231,316.8164024920059,18.6500754147813,64.96666666666667,14591.901065233786,14625.73828125,59,59,,,,,,,,,,,,,,,,,,1.635367711385091,0.23126109647966916,520.0678590493543,80.46183197511694,84.63552856445312,19.18967484226582,435.4323304849012,61.272707470792895,0.036115823545094045,0.005587627220494229,317.6396136209542,18.040422322775264,62.266666666666666,32401.961933210783,32433.619791666668,57.907407407407405,58,,,,,,,,,,,,,,,,,,,,,,,,,,,,,,,,,,,,,,,,,,,,,,,,,,,,,,,,,,,,,,,,,,,,,,,,,,,,,,,,,,
pylint-dev__pylint-6181,pylint-dev/pylint,True,3,,,,,,,,,,,,,,,,,,,,,,,,,,,,,,,,,,,1.4688146114349365,0.25218164300022894,523.5905564374418,193.48179446764067,59.30360412597656,12.505249794853993,464.28695231146526,181.2378974824839,0.03636045530815568,0.01343623572691949,349.71516099111113,13.037264957264957,55.266666666666666,7291.759862446581,7312.227864583333,60.375,62,,,,,,,,,,,,,,,,,,,,,,,,,,,,,,,,,,,1.5033427079518635,0.20072254541268084,472.975424864303,69.55325867853668,71.29942321777344,16.305760510740498,401.6760016465296,53.289753827820626,0.032845515615576595,0.004830087408231713,314.2343482668207,19.413830613830616,64.7,14445.142640345764,14479.391927083334,60,60,,,,,,,,,,,,,,,,,,,,,,,,,,,,,,,,,,,1.5691306591033936,0.3057537193246557,498.2783578451938,106.86674738163433,77.38616943359375,25.22103180702899,420.89218841160005,81.64993152950537,0.03460266373924957,0.007421301901502385,316.7648832058889,18.50957082133553,60.93333333333333,17420.942797781263,17452.069010416668,59,59,,,,,,,,,,,,,,,,,,,,,,,,,,,,,,,,,,,,,,,,,,,,,,,,,,,,,,,,,,,,,,,,,
pylint-dev__pylint-7747,pylint-dev/pylint,True,3,,,,,,,,,,,,,,,,,,,,,,,,,,,,,,,,,,,1.4350781440734863,0.23108732780547392,440.49839848234916,74.83726411428187,55.50841776281595,13.896338791758398,384.9899807195332,60.944954567167834,0.030590166561274248,0.005197032230158462,306.67932942395254,13.155959595959596,59.96666666666667,7250.289567550505,7269.00390625,60,60,,,,,,,,,,,,,,,,,,,,,,,,,,,,,,,,,,,,,,,,,,,,,,,,,,,,1.4027327696482341,0.17413352531787468,442.81143242263795,64.63412346002806,68.44040425866842,18.467070334776174,374.3710281639695,46.174695679764184,0.030750793918238744,0.004488480795835284,315.14054581557525,19.185281385281385,64.3,26337.074599228894,26368.80859375,61,61,,,,,,,,,,,,,,,,,,,,,,,,,,,,,,,,,,,1.4687873522440593,0.20892808729102452,461.7526874187914,70.68198566356268,72.68304951737325,15.64260458716344,389.0696379014182,55.229754614091995,0.03206615884852718,0.004908471226636298,314.061837478587,18.73308080808081,57.166666666666664,20118.17795730745,20143.897135416668,57,57,,,,,,,,,,,,,,,,,,,,,,,,,,,,,,,,,,,,,,,,,,,,,,,,
scikit-learn__scikit-learn-11179,scikit-learn/scikit-learn,True,4,,,,,,,,,,,,,,,,,,,,,,,,,,,,,,,,,,,1.1029680569966633,0.1998173695852067,347.3409331704577,59.64362079936976,52.89762369543314,8.110557611133654,294.44330947502453,52.55979612566713,0.02412089813683734,0.004141918111067343,315.35027393316955,24.0648569023569,68.93333333333334,7812.787138967803,7840.231770833333,60,60,1.1015993754069011,0.17381596729291388,346.0282082683201,53.757441215035556,51.72093709309896,7.750907242331091,294.30727117522116,46.02529273575691,0.024029736685300007,0.003733155639933025,314.1894287944999,24.473484848484848,59.53333333333333,7579.403379498106,7601.740885416667,60,60,,,,,,,,,,,,,,,,,,,,,,,,,,,,,,,,,,,1.3017611503601074,0.00013303436254928167,413.5113328035474,1.4369896778220268,67.53748575846355,1.349679941863437,345.97384704508386,0.7489691937315333,0.028716064778024124,9.979094984875198e-05,317.6553633586823,26.763636363636362,78.63333333333333,30535.556581439392,30574.174479166668,60,60,,,,,,,,,,,,,,,,,,,,,,,,,,,,,,,,,,,1.2017762660980225,0.17340850192817292,381.61253757618977,54.60346824767397,61.802347819010414,8.745023186846893,319.81018975717933,46.04825400943347,0.026500870665013176,0.0037919075171995806,317.58440637275027,28.06022727272727,72.26666666666667,24441.68446673769,24469.498697916668,58.55555555555556,58.666666666666664,,,,,,,,,,,,,,,,,,,,,,,,,,,,,,,,,,,,,,,,,,,,,,,,
scikit-learn__scikit-learn-11364,scikit-learn/scikit-learn,True,6,,,,,,,,,,,,,,,,,,,,,,,,,,,,,,,,,,,1.1347566445668538,0.15293958053102802,353.5411386679371,47.45117090217422,48.18966166178385,7.015146344141918,305.3514770061533,40.62918336506267,0.02455146796305119,0.003295220201539877,311.57934458893413,21.348400673400675,73.0,8086.648019912668,8129.977864583333,61,61,,,,,,,,,,,,,,,,,,1.1686172485351562,0.11623619128439268,364.215673856967,40.421180719934725,53.17760213216146,10.028318446122011,311.03807172480555,30.393087093907745,0.025292755128956044,0.0028070264388843566,311.4373228123597,27.62188552188552,65.26666666666667,13333.697324810606,13360.166666666666,60,60,1.1017370223999023,0.17335560318361462,347.6117009289905,55.59148890207415,53.492604576051235,9.603547743304055,294.11909635293927,45.99094457255764,0.024139701453402117,0.003860520062644038,315.4331300559716,27.79848484848485,71.66666666666667,15935.787183357008,15976.380208333334,59,59,1.2350026766459148,0.11574811334482935,388.4759686705404,39.67305605423637,58.31536356608073,8.905414939937675,330.16060510445965,30.883741949073507,0.026977497824343083,0.002755073337099749,314.3802373869837,24.832323232323233,67.93333333333334,31126.972038089225,31163.546875,61,61,1.1680475076039631,0.11576390549234718,364.53323158489997,40.56496711293074,54.469482424358524,10.472283403969167,310.0637491605414,30.096050739803484,0.025314807748951385,0.0028170116050646346,311.8488309854946,26.212794612794614,66.53333333333333,36293.08725273569,36322.497395833336,58.71111111111111,59,,,,,,,,,,,,,,,,,,1.1351045767466228,0.15263348820893496,117.9633934718728,26.359928027892767,57.17936706791321,7.2350458773683055,60.78402640395959,19.74298217446492,0.008191902324435611,0.001830550557492553,103.15842040499241,32.150000000000006,71.13333333333334,25183.558708833123,25222.61328125,46.46666666666667,46.666666666666664,,,,,,,,,,,,,,,,,,,,,,,,,,,,,,,,,,,,,,,,,,,,,,,,
scikit-learn__scikit-learn-11526,scikit-learn/scikit-learn,True,4,,,,,,,,,,,,,,,,,,,,,,,,,,,,,,,,,,,,,,,,,,,,,,,,,,,,,,,,,,,,,,,,,,,,,1.5690382321675618,0.11569682940767326,510.0467474883298,39.54402791428776,92.9515889485677,9.31572547728441,417.0951585397621,30.238854650747356,0.035419913020022904,0.0027461130496033185,325.01135399142106,26.957264957264957,70.06666666666666,12630.623250534189,12668.436197916666,59,59,,,,,,,,,,,,,,,,,,1.5356667041778564,0.15315720774731142,499.2445123273826,49.66127316306734,91.20602416992188,10.396535897237015,408.03848815746073,40.156939246464425,0.03466975780051268,0.003448699525213009,325.12373041491986,25.497179487179487,66.39999999999999,30364.906406917737,30400.239583333332,60,60,,,,,,,,,,,,,,,,,,1.535852591196696,0.1533862458041425,502.159845268636,49.937365410841224,92.36774698644876,10.428892465387039,409.7920982821872,40.11764781048179,0.03487221147698861,0.0034678725979750847,326.98257854042134,25.395256410256412,72.26666666666667,18856.91374866453,18910.114583333332,58,58,1.5691542625427246,0.11607058459008371,512.9005333856954,40.958317868105745,91.77708435058594,10.597691639270513,421.1234490351095,30.474004105625326,0.03561809259622885,0.0028443276297295656,326.7742206662409,25.369914529914528,66.7,24246.293696581197,24287.053385416668,61,61,,,,,,,,,,,,,,,,,,,,,,,,,,,,,,,,,,,,,,,,,,,,,,,,
scikit-learn__scikit-learn-11674,scikit-learn/scikit-learn,True,2,,,,,,,,,,,,,,,,,,,,,,,,,,,,,,,,,,,,,,,,,,,,,,,,,,,,,,,,,,,,,,,,,,,,,1.1682922840118408,0.11575406237471018,358.0904307931026,39.32817420678226,45.587707517047726,9.024274757695142,312.5027232760549,30.351129625139677,0.02486739102729879,0.0027311232088043243,306.3008650158006,19.135353535353534,80.03333333333333,7384.547164351852,7411.334635416667,61,61,,,,,,,,,,,,,,,,,,1.1350955963134766,0.15305915668690118,355.0489362768067,51.40783791119979,50.36615498860677,11.007888331064226,304.6827812881999,40.81695917155902,0.0246561761303338,0.0035699887438333184,312.5455347203584,24.53939393939394,72.7,27343.65781019834,27371.118489583332,61,61,,,,,,,,,,,,,,,,,,,,,,,,,,,,,,,,,,,,,,,,,,,,,,,,,,,,,,,,,,,,,,,,,,,,,,,,,,,,,,,,,,,,,,,,,,,,,,,,,,,
scikit-learn__scikit-learn-11754,scikit-learn/scikit-learn,True,1,,,,,,,,,,,,,,,,,,,,,,,,,,,,,,,,,,,,,,,,,,,,,,,,,,,,1.168218453725179,0.1157009338210021,277.2183940130989,115.41825193061277,48.432230633993946,6.848813816932611,228.78616337910495,122.16444869518915,0.019251277362020758,0.008015156384070332,244.8890340722246,19.947474747474747,66.0,7279.93193655303,7305.38671875,57.96111111111111,63,,,,,,,,,,,,,,,,,,,,,,,,,,,,,,,,,,,,,,,,,,,,,,,,,,,,,,,,,,,,,,,,,,,,,,,,,,,,,,,,,,,,,,,,,,,,,,,,,,,,,,,,,,,,,,,,,,,,,,,,,,,,,,,,,,,,,,,,,,,,,,,,,,,,,,
scikit-learn__scikit-learn-12116,scikit-learn/scikit-learn,True,6,,,,,,,,,,,,,,,,,,,,,,,,,,,,,,,,,,,1.168179988861084,0.11558537797638552,370.84412706112863,40.82673147159389,57.04598490397135,10.50381257180968,313.79814215715726,30.32663393450283,0.025753064379245044,0.0028351896855273533,317.23244389428277,25.822222222222223,74.56666666666668,7453.121725063132,7501.092447916667,60,60,1.1350055535634358,0.05813819171502446,360.01300366439386,25.38536204782728,54.8794199625651,10.216790336209232,305.1335837018288,15.20057256980059,0.025000903032249576,0.0017628723644324505,316.9881871132287,26.123703703703704,84.7,7489.258420138889,7523.697916666667,61,61,1.10152800877889,0.10017395865036871,352.6734619473276,36.61696672169107,57.17229715983073,10.990844414715573,295.50116478749686,26.922998790578415,0.02449121263523108,0.0025428449112285464,319.9578925875804,28.338055555555556,76.96666666666667,7585.062655526621,7616.147135416667,61,61,1.1685574054718018,0.11543258300824726,373.2956206655224,41.67259035843421,60.1173400854071,11.246366731069202,313.1782805801153,30.502144005412788,0.02592330699066128,0.002893929886002376,319.1937718825656,32.03771043771044,80.46666666666667,16154.162115951178,16199.669270833334,60,60,1.2685085932413738,0.05804670210545863,411.4184470154426,15.263652489075326,73.00285339603822,2.645423070748149,338.4155936194044,15.53549649186795,0.028570725487183514,0.0010599758672968972,324.4244313502162,31.517878787878786,87.83333333333333,28828.509540719697,28857.428385416668,61,61,,,,,,,,,,,,,,,,,,1.2028273741404216,0.09821025831041981,391.385864047381,25.058835520147706,70.71475219726562,1.6262174639077562,320.6711118501154,26.388331526163096,0.02717957389217924,0.0017401969111213692,325.70317797419483,30.68,83.06666666666666,17632.213115530303,17660.208333333332,59,59,,,,,,,,,,,,,,,,,,,,,,,,,,,,,,,,,,,,,,,,,,,,,,,,,,,,,,,,,,,,,,,,,
scikit-learn__scikit-learn-12117,scikit-learn/scikit-learn,True,6,,,,,,,,,,,,,,,,,,,,,,,,,,,,,,,,,,,,,,,,,,,,,,,,,,,,,,,,,,,,,,,,,,,,,1.2218232949574788,0.10605309952549655,381.2106929744204,31.18262046428762,54.40080261478821,5.922931783702828,326.80989035963216,28.02594393047751,0.026472964789890304,0.002165459754464418,312.1182895303776,22.667676767676767,74.36666666666666,7662.465527672559,7685.2109375,60,60,1.235031286875407,0.11578310601804652,393.71073497627845,41.43659327883441,62.544342041015625,10.746452613769991,331.1663929352628,30.94690117859754,0.027341023262241557,0.002877541199919055,318.54536348262945,29.246464646464645,74.13333333333333,16512.249894781147,16536.40625,60,60,1.202214002609253,0.17409479391259344,381.35736926327365,55.04315735464076,62.14448547363281,9.374322665911771,319.21288378964084,46.00048083355551,0.026483150643282893,0.0038224414829611635,317.2343995876361,28.934848484848487,76.66666666666666,29489.17811908144,29514.833333333332,58,58,1.235460678736369,0.11552273359161226,391.9814535980688,40.00322331568594,63.48359680175781,9.71811070556304,328.497856796311,30.28583849242385,0.027220934277643667,0.002778001619144857,317.0957866343664,28.156228956228958,75.3,34683.78177609428,34714.639322916664,58,58,1.2014708518981934,0.173541579798589,382.9579125959586,55.41391335664392,62.27625020345052,9.300661255392235,320.6816623925081,46.118699706209156,0.026594299485830458,0.0038481884275447156,318.7329983773141,28.509848484848483,76.16666666666667,18193.406072443184,18220.954427083332,58,58,1.3019580046335857,0.0002996848830557772,413.4633274889853,1.213954582807193,67.24331156412761,1.3914311054748814,346.2200159248577,0.27816776174805147,0.02871273107562398,8.430240158383366e-05,317.5705142722631,26.996969696969696,79.23333333333333,23421.116832386364,23450.00390625,58,58,,,,,,,,,,,,,,,,,,,,,,,,,,,,,,,,,,,,,,,,,,,,,,,,
scikit-learn__scikit-learn-12155,scikit-learn/scikit-learn,True,6,,,,,,,,,,,,,,,,,,,,,,,,,,,,,,,,,,,1.1347951889038086,0.057909444834719936,354.058524711524,24.860629333072385,49.27607726802429,9.904246700480739,304.7824474434997,14.963269376456731,0.02458739754941139,0.0017264325925744712,311.80464072283803,21.09,72.23333333333333,7496.298321759259,7513.130208333333,61,61,1.1355371475219727,0.1542674467074673,352.6738597038971,50.52798956637042,48.37574767818054,10.386444058920093,304.2981120257166,40.613739643170675,0.024491240257215077,0.00350888816433128,310.407246806392,21.17807239057239,63.333333333333336,7342.232785208859,7385.932291666667,60,60,1.1682790120442708,0.11577031589921212,360.0511925189031,41.035598195158585,49.514282224078976,10.738487007916365,310.53691029482417,30.322710965657084,0.02500355503603494,0.0028496943191082345,307.9016777786702,20.267676767676768,73.93333333333334,7436.019715382997,7472.971354166667,59,59,,,,,,,,,,,,,,,,,,1.235295057296753,0.11566681510245491,394.53141929729117,42.64423404709974,62.89786275476217,12.181479484613828,331.633556542529,30.646288422433095,0.027398015228978553,0.0029614051421597044,319.0782636096629,27.75892255892256,76.93333333333334,28017.995988531144,28045.713541666668,60,60,,,,,,,,,,,,,,,,,,1.2020385265350342,0.10017259220345343,379.8622344911683,37.817846622652844,60.32405090332031,12.02554398959984,319.538183587848,26.62627582944261,0.026379321839664464,0.002626239348795337,315.73487143276606,26.560269360269363,74.8,16916.236199231902,16949.790364583332,58,58,1.2351951599121094,0.1155297823658933,390.7031414779663,40.71682860375867,60.9248301188151,10.242287271782738,329.77831135915125,30.474545088484927,0.02713216260263655,0.002827557541927684,316.0850885668284,26.434006734006736,80.43333333333334,22126.892176978115,22153.264322916668,59,59,,,,,,,,,,,,,,,,,,,,,,,,,,,,,,,,,,,,,,,,,,,,,,,,
scikit-learn__scikit-learn-12172,scikit-learn/scikit-learn,True,6,,,,,,,,,,,,,,,,,,,,,,,,,,,,,,,,,,,,,,,,,,,,,,,,,,,,1.1683800220489502,0.11599976566334197,369.34848634509507,38.771426187773834,56.956909182171024,8.64740082150625,312.391577162924,30.215641678923085,0.0256492004406316,0.002692460151928739,316.00797866700594,26.19090909090909,80.4,7394.567011258418,7437.662760416667,60,60,,,,,,,,,,,,,,,,,,1.2353765964508057,0.11597028639309319,395.39649815288385,38.82850173195236,66.84762064615886,8.616482470207488,328.548877506725,30.240797100469724,0.027458090149505822,0.0026964237313855796,319.9693637740986,32.4016835016835,91.63333333333334,15948.263836279462,15966.65625,60,60,1.2683417797088623,0.05767991062612229,411.01701965444016,17.033858282852524,73.27417500813802,2.991497214088102,337.7428446463021,14.979045632145928,0.0285428485871139,0.0011829068251980926,324.1018510174235,31.216969696969695,83.33333333333333,28675.88856534091,28706.875,59,59,1.26914381980896,0.05803726312065176,414.5218510422207,16.337008574559547,74.51261393229167,0.4382763036613401,340.009237109929,16.234989505021947,0.02878623965570977,0.0011345144843444138,326.6808251005239,31.916666666666668,79.23333333333333,34006.8783499053,34031.908854166664,61,61,1.235217809677124,0.11578921563352335,400.1787448794709,42.60284832426808,68.67894999186198,11.895560228049852,331.49979488760897,30.7782410751795,0.027790190616629924,0.002958531133629728,323.70122746739156,32.44511784511784,74.63333333333334,17409.427122790403,17444.635416666668,60,60,1.3019935290018718,0.00030060199208225777,416.8982028547791,1.1400624580387317,73.29595438639323,1.8298281058975607,343.6022484683858,0.717959913513457,0.028951264087137434,7.917100403046852e-05,320.19994364650915,30.28181818181818,86.46666666666667,22844.29533617424,22876.47265625,54.94444444444444,55,,,,,,,,,,,,,,,,,,,,,,,,,,,,,,,,,,,,,,,,,,,,,,,,
scikit-learn__scikit-learn-12211,scikit-learn/scikit-learn,True,3,,,,,,,,,,,,,,,,,,,,,,,,,,,,,,,,,,,,,,,,,,,,,,,,,,,,,,,,,,,,,,,,,,,,,,,,,,,,,,,,,,,,,,,,,,,,,,,,,,,,,,,1.1020358403523762,0.1738083813740565,348.87776352705777,55.934007922882486,55.74528503417969,9.952631851269118,293.1324784928781,45.98875275305053,0.024227622467156793,0.0038843061057557277,316.49505154085705,29.66931818181818,64.93333333333334,26214.009883996212,26237.407552083332,60,60,,,,,,,,,,,,,,,,,,1.202183723449707,0.10032133514288732,382.08623538818614,34.51952028783941,62.570871986448765,9.859703902114669,319.5153634017374,26.285348957317428,0.026533766346401817,0.002397188908877737,317.718320361858,29.50875420875421,76.3,16884.758412247476,16911.458333333332,57,57,1.2351729075113933,0.11558118341171351,391.96138793643314,40.27302510214461,62.86430358886719,9.686354707389496,329.09708434756595,30.59306530455009,0.02721954082891897,0.0027967378543155975,317.1411905563981,27.862626262626264,78.53333333333333,20000.035103640574,20026.0546875,60,60,,,,,,,,,,,,,,,,,,,,,,,,,,,,,,,,,,,,,,,,,,,,,,,,
scikit-learn__scikit-learn-12230,scikit-learn/scikit-learn,True,7,,,,,,,,,,,,,,,,,,,,,,,,,,,,,,,,,,,1.2350343068440754,0.11551381916314035,389.4232088642385,39.518985547213845,58.39519246419271,8.88602570987587,331.02801640004583,30.716515871346274,0.027043278393349898,0.002744373996334295,315.1480731227978,23.225589225589225,73.9,8042.823613741582,8085.466145833333,60,60,1.2350975672403972,0.11563980509134943,387.00439148193465,39.6066257101673,57.55953979988893,9.07169401703472,329.44485168204574,30.699374064959763,0.02687530496402324,0.0027504601187616183,313.162705207212,22.74309764309764,75.73333333333333,7696.701138994107,7729.41015625,59,59,1.3019908269246419,0.00044411924924239184,411.8901905476716,1.1058503187815045,66.06261698901653,1.7699083174427188,345.82757355865505,0.8309722859100714,0.028603485454699415,7.679516102649376e-05,316.353996762055,27.545454545454543,73.96666666666667,13347.966264204546,13379.21875,58,58,,,,,,,,,,,,,,,,,,1.3020357290903728,0.00011814268100649423,414.07351428129937,2.923799064966625,68.79219563553731,2.901142816415624,345.2813186457621,0.4387059134460689,0.02875510515842357,0.00020304160173379438,318.019953378829,27.072727272727274,72.86666666666666,31243.21993371212,31277.036458333332,57.583333333333336,57.666666666666664,1.3021496136983235,8.000012173331152e-05,415.95646535553533,2.9383881640157656,70.25175475825866,3.2591478968564336,345.7047105972767,0.587301238926366,0.028885865649689955,0.00020405473361220688,319.43828066729725,28.23939393939394,76.5,36402.095170454544,36436.358072916664,58.11111111111111,58.666666666666664,1.2684694925944011,0.05798562095129742,407.4720334095184,17.321573014494987,68.93361917883158,2.6849820455802895,338.53841423068684,14.927704048283239,0.028296668986772112,0.0012028870148954854,321.26390442824635,28.207575757575757,75.10000000000001,19323.54763257576,19358.748697916668,58.878787878787875,59,1.3019501368204753,1.0727069850642456e-05,414.14576411433353,0.9568905288356325,67.2164866104722,1.2494105369929218,346.92927750386133,0.37703429276372025,0.028760122507939828,6.645073116914055e-05,318.09648733308984,26.203030303030303,75.3,25195.780539772728,25222.875,58,58,,,,,,,,,,,,,,,,,,,,,,,,,,,,,,,,,,,,,,,,,,,,,,,,
scikit-learn__scikit-learn-12246,scikit-learn/scikit-learn,True,5,,,,,,,,,,,,,,,,,,,,,,,,,,,,,,,,,,,,,,,,,,,,,,,,,,,,1.2684388160705566,0.05743275576310486,408.4105042535169,17.311630323062072,67.10038757075866,3.6351043302449972,341.31011668275823,15.338287688474491,0.028361840573160893,0.0012021965502126432,322.01234572780896,25.013939393939392,80.23333333333333,7280.067353219697,7302.9140625,61,61,,,,,,,,,,,,,,,,,,,,,,,,,,,,,,,,,,,1.2684981028238933,0.05787217586786517,413.47779464128223,16.15225224864684,74.47571309407552,1.729273911972562,339.00208154720667,15.344255430413247,0.02871373573897793,0.001121684183933807,326.02623059397905,31.19848484848485,87.63333333333333,26867.890210700756,26895.234375,61,61,1.3686357339223225,0.11546437038524932,444.9003021325866,41.628693515197625,79.54201253503561,11.301874441760146,365.358289597551,30.39547694172396,0.03089585431476296,0.002890881494110946,324.90904955537695,30.657575757575756,78.73333333333333,32256.935533216783,32297.983072916668,61,61,1.268717606862386,0.058077938846522396,413.3881607139213,13.299656915592784,73.11209106693666,2.566866503320339,340.27606964698464,15.667127401426448,0.028707511160688978,0.0009235872858050544,325.9719014518637,31.85090909090909,82.16666666666667,17478.017045454544,17512.268229166668,60,60,1.3018163839975994,0.00025932274210059564,419.3906452735,1.2900357227573986,72.8894348119696,1.3115455899352704,346.5012104615304,0.5728827659045422,0.029124350366215277,8.95858140803749e-05,322.15796157025886,30.406060606060606,87.0,20569.471946022728,20605.697916666668,58,58,,,,,,,,,,,,,,,,,,,,,,,,,,,,,,,,,,,,,,,,,,,,,,,,
scikit-learn__scikit-learn-12379,scikit-learn/scikit-learn,True,5,,,,,,,,,,,,,,,,,,,,,,,,,,,,,,,,,,,1.169350544611613,0.11662632449764496,365.93305026257434,38.6034119380659,52.27656046797832,7.76074762325509,313.65648979459604,30.877536527152202,0.025412017379345442,0.00268079249569902,312.8231372627292,22.874074074074073,73.3,7865.856534090909,7896.1484375,60,60,1.1682246526082356,0.11585516200510099,170.09540081299807,69.94997082852106,51.75291443119446,8.344235744455618,118.34248638180361,61.868065081087586,0.011812180612013756,0.004857636863091741,142.8348181182432,20.98080808080808,77.56666666666666,7602.182370580808,7621.049479166667,54.75555555555555,55.333333333333336,,,,,,,,,,,,,,,,,,1.2353126207987468,0.11527649871255993,392.9378110501024,41.556191804383346,63.53692626953125,11.41960057435914,329.4008847805712,30.147702029980522,0.027287347989590448,0.002885846653082176,317.8260066787619,30.454208754208754,68.56666666666666,17126.96323916246,17158.3828125,58,58,1.1351787249247234,0.05799644308889942,359.1587841832743,24.975403492704356,57.313781735797726,10.066256256595839,301.84500244747653,14.916623360473265,0.024941582234949602,0.0017344030203266917,316.19637147609984,29.144444444444446,77.2,30710.167534722223,30750.174479166668,59,59,1.2351447741190593,0.11544388019931771,392.87589019894733,40.85811884726888,63.05638630936543,10.256916594658474,329.8195038895819,30.604615780704894,0.027283047930482453,0.0028373693643936725,317.85914841332556,28.238047138047136,76.83333333333333,35745.80996159512,35787.944010416664,60,60,,,,,,,,,,,,,,,,,,,,,,,,,,,,,,,,,,,,,,,,,,,,,,,,,,,,,,,,,,,,,,,,,,,,,,,,,,,,,,,,,,
scikit-learn__scikit-learn-12446,scikit-learn/scikit-learn,True,4,,,,,,,,,,,,,,,,,,,,,,,,,,,,,,,,,,,1.235575755437215,0.11535087770649527,392.4746042814387,40.046248042505766,61.16781107584635,9.626561897089147,331.3067932055923,30.64100188717527,0.02725518085287769,0.002780989447396234,317.46471211722707,25.125589225589227,75.8,8116.929805871212,8150.14453125,60,60,,,,,,,,,,,,,,,,,,,,,,,,,,,,,,,,,,,,,,,,,,,,,,,,,,,,1.2019299666086833,0.17293498292990744,386.9918463437866,58.7072310086606,68.49749755611022,13.378734932542118,318.49434878767636,45.64919676005509,0.02687443377387407,0.004076891042268096,321.7141146905284,32.14280303030303,79.6,31624.330403645832,31645.68359375,58,58,,,,,,,,,,,,,,,,,,1.301648219426473,5.080740384150031e-05,424.3801678488453,1.2946989296788856,74.54849243164062,1.9509890928391338,349.8316754172047,0.6605991736725714,0.02947084498950315,8.990964789436723e-05,326.0329410088635,31.19393939393939,83.46666666666667,19494.161695075756,19529.876302083332,61,61,1.1014037132263184,0.10009961683631846,348.8112705659814,33.06045152326492,56.24480692545573,7.7469381015811365,292.5664636405256,26.178465920032668,0.024223004900415374,0.0022958646891156204,316.64555202046523,29.677222222222223,72.16666666666667,25426.562742332175,25459.157552083332,57,57,,,,,,,,,,,,,,,,,,,,,,,,,,,,,,,,,,,,,,,,,,,,,,,,
scikit-learn__scikit-learn-12514,scikit-learn/scikit-learn,True,4,,,,,,,,,,,,,,,,,,,,,,,,,,,,,,,,,,,,,,,,,,,,,,,,,,,,1.1345986525217693,0.15286736413386906,127.2284835073961,23.96140475794653,53.868214927613735,12.846324711731599,73.36026857978239,11.679207930166756,0.008835311354680285,0.001663986441524064,111.72533928616366,24.48299663299663,78.66666666666667,7438.020359848485,7470.798177083333,51.93333333333333,52.333333333333336,,,,,,,,,,,,,,,,,,,,,,,,,,,,,,,,,,,1.1694688002268474,0.11478840086361995,372.31166081361374,43.12954970523663,61.29911804199219,13.285233094965259,311.01254277162155,29.86924207598127,0.025854976445389845,0.0029951076184192103,318.00942414153525,31.62962962962963,85.8,28536.46543560606,28564.5546875,58,58,,,,,,,,,,,,,,,,,,1.1351207097371419,0.152950576920147,362.8086448719696,52.86357881667829,61.072855631510414,13.26081972605834,301.73578924045916,40.164739377910195,0.025195044782775667,0.0036710818622693263,319.3504689278114,32.34806397306397,75.9,17299.728001039035,17319.946614583332,58,58,1.1685400009155273,0.1531667675754849,379.50253944058073,53.080889161717984,68.76218668371439,12.103844189688855,310.74035275686634,41.01697192536914,0.026354343016706996,0.0036861728584526372,324.4998706010987,33.639848484848486,80.83333333333333,22515.243667140152,22548.151041666668,59,59,,,,,,,,,,,,,,,,,,,,,,,,,,,,,,,,,,,,,,,,,,,,,,,,
scikit-learn__scikit-learn-12543,scikit-learn/scikit-learn,True,7,,,,,,,,,,,,,,,,,,,,,,,,,,,,,,,,,,,1.4350559711456299,0.05783329833658685,466.8362008995694,15.326353378177123,83.53954060624044,5.088084572781387,383.296660293329,16.030325517653342,0.03241918061802566,0.0010643300957067416,325.3830534656505,24.18482905982906,75.4,8281.491536458334,8322.791666666666,60,60,1.6358834107716878,0.057652615882444566,334.89177301546533,159.69490886038685,108.05332437902689,1.134682434193406,226.83844863643844,159.2212342767517,0.02325637312607398,0.011089924226415752,206.3048332243674,25.815396825396824,89.36666666666667,7794.077033730159,7916.024739583333,56.422222222222224,57,1.7038547197977703,0.0020810971115417377,573.1784564048648,1.2999728948646063,120.95967610677083,0.46881629860768254,452.218780298094,0.8311805963233935,0.039804059472560056,9.027589547670803e-05,336.4007291837723,32.14666666666667,82.23333333333333,13752.049045138889,13920.001302083334,59,59,,,,,,,,,,,,,,,,,,1.6706689993540447,0.05913796745453511,569.8944165836473,22.954138774973075,125.85274251550436,13.785373100792295,444.041674068143,15.66249135645363,0.03957600115164217,0.0015940374149286856,341.13654081301945,31.852539682539682,80.86666666666666,31922.11531343006,32045.6875,59,59,1.6715875466664631,0.05660256340433169,567.4003594143093,13.060946633367971,122.54376729329427,3.3729732988153613,444.856592121015,15.45361868513647,0.03940280273710481,0.0009070101828727768,339.52473987276846,32.37555555555556,89.1,37129.55633680555,37258.182291666664,59,59,1.5020728905995686,0.0001261237288088666,492.1097970775744,1.365191889230621,91.24466451009114,1.261524023606975,400.8651325674833,0.11067146812814128,0.034174291463720446,9.480499230768167e-05,327.62041970706133,27.994871794871795,79.43333333333334,19827.80498798077,19863.614583333332,59,59,1.6696605682373047,0.056931005896774294,570.2147730065038,15.83596380731308,123.51228332271178,0.8948093085263745,446.702489683792,14.941835562082543,0.03959824812545165,0.0010997197088411853,341.5655184521663,33.14095238095238,84.53333333333333,26031.58732638889,26161.40625,61,61,,,,,,,,,,,,,,,,,,,,,,,,,,,,,,,,,,,,,,,,,,,,,,,,
scikit-learn__scikit-learn-12567,scikit-learn/scikit-learn,True,3,,,,,,,,,,,,,,,,,,,,,,,,,,,,,,,,,,,,,,,,,,,,,,,,,,,,1.1348038514455159,0.15300341509565468,360.8224801069211,51.04286052354867,56.69944763431946,11.282862879016049,304.12303247260166,40.2414136519748,0.025057116674091745,0.0035446430919131022,317.80470665820206,27.063425925925927,68.86666666666666,7556.230061026936,7589.5,61,61,,,,,,,,,,,,,,,,,,1.2350199222564697,0.11560655819828523,395.70191815339194,43.78927289145845,66.28018697102864,13.755069026952114,329.4217311823633,30.59398505675947,0.02747929987176333,0.0030409217285735026,320.04887135718826,32.48148148148148,80.53333333333333,16999.37656513047,17028.559895833332,58,58,,,,,,,,,,,,,,,,,,1.1687400341033936,0.11648836437487514,369.88272356481485,42.64825755005831,60.30792236328125,12.156136520644495,309.5748012015336,30.529754325353753,0.025686300247556585,0.0029616845520873836,316.1678685383884,31.16094276094276,75.39999999999999,35515.565459280304,35539.5,58,58,,,,,,,,,,,,,,,,,,,,,,,,,,,,,,,,,,,,,,,,,,,,,,,,,,,,,,,,,,,,,,,,,,,,,,,,,,,,,,,,,,
scikit-learn__scikit-learn-12581,scikit-learn/scikit-learn,True,5,,,,,,,,,,,,,,,,,,,,,,,,,,,,,,,,,,,1.3351887861887615,0.05802260773582411,436.08244070484244,29.601246947673868,77.70737202962239,14.909922979279198,358.37506867522,14.743021702550006,0.030283502826725168,0.002055642149144018,326.3825246281366,27.607070707070708,75.1,7249.210108901515,7290.08984375,60,60,,,,,,,,,,,,,,,,,,,,,,,,,,,,,,,,,,,1.3018397490183513,0.00016912304437014308,415.78891873046973,0.7695387626208504,70.75484720865886,0.6688395197832906,345.03407152181086,0.1095718055371571,0.02887423046739373,5.344019184866904e-05,319.38560323692735,30.533333333333335,80.56666666666666,14319.098366477272,14354.375,58,58,1.335065444310506,0.15302281213721114,164.72069009068792,19.92869727539617,80.8072865853707,10.429656252189723,83.91340350531722,9.658431803498916,0.011438936811853328,0.0013839373107914009,123.33828428434175,31.254009324009324,72.73333333333333,26823.70369591346,26855.532552083332,49.5,49.666666666666664,,,,,,,,,,,,,,,,,,1.3685937722524006,0.11569078383976657,194.48598734597175,21.69942556229814,88.85256449381511,10.889060447289195,105.63342285215666,30.310718915975755,0.013505971343470261,0.0015069045529373703,142.79029842337522,35.653379953379954,71.9,17278.273373761655,17313.098958333332,51.08730158730159,54.333333333333336,1.302955150604248,0.17290560767226948,434.12103923611824,59.122258594948654,85.1669921875,13.414630192860507,348.95404704861824,45.70770779582924,0.030147294391397104,0.004105712402426991,333.0853893430315,34.35410256410257,81.23333333333333,20430.961389131702,20466.90625,60,60,,,,,,,,,,,,,,,,,,,,,,,,,,,,,,,,,,,,,,,,,,,,,,,,
scikit-learn__scikit-learn-12625,scikit-learn/scikit-learn,True,4,,,,,,,,,,,,,,,,,,,,,,,,,,,,,,,,,,,,,,,,,,,,,,,,,,,,1.1680973370869954,0.1529853696087205,377.46138058248715,48.938663996044504,64.95799255371094,9.727790362070278,312.5033880287762,40.648105652164624,0.02621259587378383,0.003398518333058646,323.177166476425,29.722651515151515,75.89999999999999,7248.003645833333,7272.466145833333,60,60,,,,,,,,,,,,,,,,,,1.3020832538604736,0.00012156472146628842,483.97083709663815,92.64652890275765,76.64017232259114,0.4544622630296632,407.33066477404697,92.7578819215948,0.03360908590948876,0.006433786729358171,371.6854596756858,34.342424242424244,67.96666666666667,14795.11103219697,14826.493489583334,62.638888888888886,64.66666666666667,,,,,,,,,,,,,,,,,,1.1682546933492024,0.11568256911680025,370.7620761264682,40.42516723884925,60.38007100423177,9.433940933217597,310.3820051222364,30.991690523341738,0.0257473663976714,0.0028073032804756424,317.164812970389,31.042760942760943,70.53333333333333,32566.929200862793,32598.915364583332,58,58,,,,,,,,,,,,,,,,,,1.3019919395446777,0.00022332593345129404,421.8944532727864,2.502280608043578,74.94634501139323,2.9671401744516706,346.94810826139314,0.6111809801759317,0.029298225921721276,0.00017376948666969388,324.0377196223011,31.912121212121214,77.5,21066.243844696968,21085.32421875,58.888888888888886,59,,,,,,,,,,,,,,,,,,,,,,,,,,,,,,,,,,,,,,,,,,,,,,,,
scikit-learn__scikit-learn-12656,scikit-learn/scikit-learn,True,1,,,,,,,,,,,,,,,,,,,,,,,,,,,,,,,,,,,,,,,,,,,,,,,,,,,,1.2348096370697021,0.11558775583392329,391.96305958175657,37.9581865259767,59.6431630452474,7.117770417771227,332.3198965365092,30.842556533351196,0.02721965691539976,0.0026359851754150483,317.36006186012435,24.876767676767678,72.13333333333334,7570.653159196128,7606.92578125,61,61,,,,,,,,,,,,,,,,,,,,,,,,,,,,,,,,,,,,,,,,,,,,,,,,,,,,,,,,,,,,,,,,,,,,,,,,,,,,,,,,,,,,,,,,,,,,,,,,,,,,,,,,,,,,,,,,,,,,,,,,,,,,,,,,,,,,,,,,,,,,,,,,,,,,,,
scikit-learn__scikit-learn-12701,scikit-learn/scikit-learn,True,4,,,,,,,,,,,,,,,,,,,,,,,,,,,,,,,,,,,1.501991828282674,0.1000303869547136,130.06912165672495,10.655730189999268,105.02203368892272,9.226803561969936,25.04708796780223,1.5774833968892772,0.009032577892828122,0.0007399812631943941,86.55898970925166,29.428754578754578,78.43333333333334,7229.138792305785,7307.384114583333,41,41,1.5687228043874104,0.11543815157549253,524.1983528371737,39.53251618327991,104.72293599446614,9.474841950972479,419.47541684270755,30.11972665400204,0.0364026633914704,0.0027453136238388826,334.1279040276823,30.641025641025642,71.0,7344.581643963676,7455.350260416667,59,59,,,,,,,,,,,,,,,,,,,,,,,,,,,,,,,,,,,1.6692150433858235,0.0577301151614548,566.8666469003688,14.583169821859677,122.52003478755553,0.9385809029564159,444.3466121128132,14.941457214745073,0.039365739368081167,0.0010127201265180317,339.6716530508419,33.6068253968254,76.5,27175.45173611111,27292.595052083332,58,58,,,,,,,,,,,,,,,,,,,,,,,,,,,,,,,,,,,1.669036070505778,0.20827265967106287,659.3829610543946,217.96802456418638,122.17477417488892,17.076830011382622,537.2081868795057,201.5812364528727,0.045790483406555185,0.015136668372512941,388.83299321002283,34.278032751562165,80.83333333333333,21411.62087996256,21509.260416666668,63.235449735449734,64.66666666666667,,,,,,,,,,,,,,,,,,,,,,,,,,,,,,,,,,,,,,,,,,,,,,,,
scikit-learn__scikit-learn-12760,scikit-learn/scikit-learn,True,5,,,,,,,,,,,,,,,,,,,,,,,,,,,,,,,,,,,,,,,,,,,,,,,,,,,,1.1348729133605957,0.057900969521599094,361.29916668326024,21.925658310292505,57.60624185949564,7.0765794336225865,303.6929248237646,14.856043516250208,0.02509021990855974,0.0015226151604369803,318.2590693042805,27.17814814814815,77.26666666666667,7650.191435185186,7667.74609375,60,60,1.2350149154663086,0.11561850120045747,394.0810517300208,40.27457152171676,65.16648356368144,9.646952548115328,328.9145681663394,30.705502192912686,0.02736673970347367,0.002796845244563664,318.9085182334037,31.618518518518517,65.33333333333333,13001.971196338383,13040.447916666666,58.26111111111111,58.666666666666664,1.2697803179423015,0.05625539504381191,407.5470113055092,14.237970487600556,70.0634765625,0.6353148241324257,337.4835347430092,14.559723954619018,0.028301875785104808,0.0009887479505278176,321.0499669542785,29.20909090909091,66.36666666666667,15858.577414772728,15891.286458333334,58,58,1.1015214920043945,0.10027555508765061,128.7716394560343,15.749668564768996,59.48151652266582,9.722428175308721,69.2901229333685,6.455779014747315,0.008942474962224604,0.0010937269836645137,116.74000462711662,31.146851851851853,72.2,30991.10236545139,31026.975260416668,51.407407407407405,51.666666666666664,,,,,,,,,,,,,,,,,,,,,,,,,,,,,,,,,,,1.1356534957885742,0.15181206671222175,364.44373395071426,49.95251673575227,61.04616801192363,9.986020193601815,303.39756593879065,40.45545417042653,0.025308592635466268,0.0034689247733161294,320.84471932000395,31.301346801346803,67.56666666666666,24812.994147201178,24848.194010416668,61,61,,,,,,,,,,,,,,,,,,,,,,,,,,,,,,,,,,,,,,,,,,,,,,,,
scikit-learn__scikit-learn-12822,,False,4,,,,,,,,,,,,,,,,,,,,,,,,,,,,,,,,,,,,,,,,,,,,,,,,,,,,1.2349294026692708,0.11568559653820114,392.81441808636987,37.08276050466232,60.456644696493946,6.434915894131554,332.3577733898759,30.70545854277075,0.027278779033775683,0.0025751917017126607,318.07136122589463,25.106734006734005,63.266666666666666,7323.597932449495,7359.006510416667,61,61,,,,,,,,,,,,,,,,,,1.302301009496053,0.0003241390094570999,415.0781167618698,1.2035396612580183,70.73589070886374,1.1981657918229573,344.3422260530061,0.9117996074170602,0.028824869219574292,8.357914314291872e-05,318.7266216853969,29.71818181818182,65.1,14993.881628787878,15030.4375,57,57,,,,,,,,,,,,,,,,,,1.2693092028299968,0.05865795769219364,405.4740110954221,16.86534756038176,71.05600483963887,1.3091562571672235,334.4180062557832,15.576052444402078,0.02815791743718209,0.001171204691693178,319.49145579378967,29.58818181818182,66.13333333333334,32828.38455255682,32866.365885416664,54.30555555555556,54.333333333333336,1.268620491027832,0.057785841054029376,410.03392916977344,15.76129701541643,71.3240509107709,0.7303595070762096,338.70987825900255,15.525142782572814,0.0284745784145676,0.001094534514959474,323.2844850909932,29.848484848484848,65.76666666666667,16433.126089015153,16474.475260416668,58,58,,,,,,,,,,,,,,,,,,,,,,,,,,,,,,,,,,,,,,,,,,,,,,,,,,,,,,,,,,,,,,,,,
scikit-learn__scikit-learn-12859,scikit-learn/scikit-learn,True,3,,,,,,,,,,,,,,,,,,,,,,,,,,,,,,,,,,,,,,,,,,,,,,,,,,,,1.5020943482716878,0.00015301743288705002,509.76644620494903,3.1013609197621266,107.8589528426528,3.5474242478044067,401.90749336229624,1.2333670162157728,0.03540044765312146,0.0002153722860945915,339.37060007419285,37.02051282051282,91.5,7236.722155448718,7270.6640625,59,59,,,,,,,,,,,,,,,,,,,,,,,,,,,,,,,,,,,1.4688751697540283,0.05778680731934648,504.4111245815979,14.648731881296353,113.56393432368834,1.6569411390587914,390.8471902579095,15.439266485660145,0.03502855031816652,0.0010172730473122457,343.4952613889515,43.71025641025641,93.16666666666667,26501.61234642094,26526.108072916668,61,61,,,,,,,,,,,,,,,,,,1.502156416575114,0.00022066310346501554,514.9728949834931,1.4157453730249836,114.44945272058249,2.168497783779615,400.52344226291063,0.9173144383415468,0.03576200659607592,9.831565090451258e-05,342.82242948784904,42.96923076923077,92.96666666666667,17104.390625,17135.446614583332,58,58,,,,,,,,,,,,,,,,,,,,,,,,,,,,,,,,,,,,,,,,,,,,,,,,,,,,,,,,,,,,,,,,,
scikit-learn__scikit-learn-12931,scikit-learn/scikit-learn,True,5,,,,,,,,,,,,,,,,,,,,,,,,,,,,,,,,,,,1.1682960192362468,0.1156195008932732,370.2862032122506,36.27663393762203,56.8216552734375,5.974962613618554,313.4645479388131,30.301778694823806,0.025714319667517405,0.002519210690112641,316.9653445811698,26.29023569023569,66.56666666666666,7300.945943813132,7331.606770833333,60,60,,,,,,,,,,,,,,,,,,1.1346192359924316,0.057857270602747556,125.01415852058764,12.987807433470989,53.7816467260321,9.526107464867168,71.23251179455555,3.728582912381955,0.008681538786151919,0.0009019310717688182,110.0100759662114,24.744444444444444,77.3,7313.547670717593,7346.186197916667,50.24242424242424,50.333333333333336,,,,,,,,,,,,,,,,,,1.2351915836334229,0.11567768035971955,394.3091506291747,39.45149715760103,64.7839406306545,9.195340426209151,329.5252099985202,30.256360464174904,0.0273825799048038,0.002739687302611183,319.093481237694,29.776430976430976,66.56666666666666,26009.94565446128,26046.522135416668,59,59,,,,,,,,,,,,,,,,,,1.2018851439158122,0.10016272536615106,386.1394959923307,33.91975493748108,65.0788421606024,9.217902015072784,321.0606538317283,26.46992526157554,0.026815242777245188,0.002355538537325075,321.2055720633118,31.20973063973064,64.96666666666667,16737.25690893308,16766.967447916668,59.27222222222222,59.666666666666664,1.134919802347819,0.15294392542078758,361.80552321983356,49.55576307258339,59.259674072265625,9.297811229368618,302.54584914756794,40.70454978518749,0.025125383556932886,0.003441372435596068,318.75212846258535,32.18143939393939,69.03333333333333,19961.99089363689,19991.26953125,59,59,,,,,,,,,,,,,,,,,,,,,,,,,,,,,,,,,,,,,,,,,,,,,,,,
scikit-learn__scikit-learn-12989,scikit-learn/scikit-learn,True,7,,,,,,,,,,,,,,,,,,,,,,,,,,,,,,,,,,,1.1693655649820964,0.11664482628175943,370.0030799826635,39.74754278605338,57.091552731891476,8.961985080840567,312.91152725077205,30.80317348860095,0.025694658332129413,0.002760246026809263,316.26025386091015,26.448148148148146,75.0,7753.947219591751,7788.53515625,60.666666666666664,60.666666666666664,1.1684612433115642,0.1529890973602718,374.2528725757844,46.98463139929583,60.912211100260414,6.43771761704518,313.340661475524,40.71095843448157,0.025989782817762805,0.0032628216249510995,320.4486565393097,26.59409090909091,78.16666666666667,7552.618134469697,7586.93359375,60.861111111111114,61,1.2349101702372234,0.11561709266905146,392.1202346280177,38.320133397879005,61.04907735188802,7.532496752059375,331.0711572761297,30.789547045706037,0.027230571849167898,0.0026611203748527082,317.4429224203071,25.43973063973064,70.36666666666667,7566.520622895623,7613.65625,61,61,1.3019481499989827,0.00024218332690537105,415.94459010432826,1.2628710288251845,69.59414672851562,1.402486593889648,346.35044337581263,0.8485753543866068,0.028885040979467237,8.769937700174856e-05,319.4785104167687,30.00909090909091,64.9,16734.332267992424,16762.6796875,58,58,1.2017929553985596,1.305219239537334e-05,388.59278344395665,1.1299967782474276,69.93195088704427,1.5572173151160469,318.6608325569124,0.6125817993155688,0.026985609961385878,7.84719984894047e-05,323.34420314835074,30.56,68.3,30129.207682291668,30159.1796875,58,58,1.2348666191101074,0.05782749180725699,400.4419634825629,13.503342516061334,71.77900695304076,1.8268635680779275,328.66295652952215,15.173687082826165,0.027808469686289094,0.0009377321191709261,324.40894548689755,30.043030303030303,65.8,35153.720052083336,35186.591145833336,59,59,,,,,,,,,,,,,,,,,,1.201706886291504,0.17335982083405965,139.2468824863169,20.210800942731645,63.909372963011265,9.07824417546119,75.33750952330563,11.13722479433025,0.009669922394883118,0.0014035278432452524,115.864853809499,29.04659090909091,72.43333333333334,23951.08604107481,23982.287760416668,48.27777777777778,48.333333333333336,,,,,,,,,,,,,,,,,,,,,,,,,,,,,,,,,,,,,,,,,,,,,,,,
scikit-learn__scikit-learn-13124,scikit-learn/scikit-learn,True,4,,,,,,,,,,,,,,,,,,,,,,,,,,,,,,,,,,,1.134856144587199,0.15303640139467614,363.1563131872371,50.97143101104523,60.03067525476217,10.975372240181377,303.12563793247494,40.460582678515486,0.025219188415780358,0.0035396827091003645,319.86999917432416,29.67167508417508,73.33333333333334,7811.616917876683,7844.71484375,60,60,1.135419209798177,0.15285834365183576,360.7324193052822,49.70253097088143,59.73373413582643,10.174330748079512,300.99868516945577,39.80311164944011,0.025050862451755706,0.0034515646507556545,317.63426032099846,29.468434343434343,79.03333333333333,7536.135410090488,7570.502604166667,57,57,,,,,,,,,,,,,,,,,,,,,,,,,,,,,,,,,,,1.2684218088785808,0.057746081234596416,411.5437020476262,16.118825266338465,74.67888895670573,1.7071040110126423,336.86481309092045,14.99025675101026,0.028579423753307374,0.0011193628657179475,324.51860539462905,33.016363636363636,78.76666666666667,29874.203929924242,29897.694010416668,59,59,,,,,,,,,,,,,,,,,,,,,,,,,,,,,,,,,,,1.201708714167277,0.10020383305001439,383.1405201571268,34.20724652103693,64.22910563151042,8.40237613727356,318.91141452561635,26.726493215921032,0.02660698056646714,0.0023755032306275645,318.72708692837415,30.577373737373737,67.36666666666666,23735.003071075338,23764.303385416668,58.904761904761905,59,,,,,,,,,,,,,,,,,,,,,,,,,,,,,,,,,,,,,,,,,,,,,,,,
scikit-learn__scikit-learn-13151,scikit-learn/scikit-learn,True,6,,,,,,,,,,,,,,,,,,,,,,,,,,,,,,,,,,,1.1349403063456218,0.15293796733576476,358.5816650578499,45.9448228638161,56.08821105957031,6.67009084689621,302.49345399827956,39.83980992391737,0.02490150451790624,0.003190612698876117,316.15189448903556,26.704713804713805,77.63333333333333,7444.829972906145,7490.188802083333,58,58,1.1682612895965576,0.11564308571234143,367.7644616803725,37.80535241613724,55.50715637455384,7.747621908058209,312.2573053058187,30.060362824371456,0.02553919872780365,0.0026253716955650865,314.7212358163977,25.850505050505053,70.1,7331.884745896465,7368.205729166667,59,59,,,,,,,,,,,,,,,,,,1.3021361033121746,0.0003990303953174405,417.18785930797793,1.272693363797737,68.99344380199909,1.2526952520521364,348.19441550597884,0.5925255380893174,0.028971379118609576,8.838148359706506e-05,320.38734789110714,29.360606060606063,64.9,15204.124053030304,15252.3671875,60,60,1.1681199073791504,0.15284064516215157,378.1811462660452,49.92062661712012,65.25356038411458,9.701513594678165,312.9275858819306,40.721545358882985,0.026262579601808694,0.0034667101817444524,323.71000137040994,31.338106060606062,67.33333333333333,27923.570930989583,27953.216145833332,60.753367003367,61,1.2020902633666992,0.17362571491454773,385.5793014087478,54.96935715263301,65.21376037349303,9.005849278475518,320.3655410352548,45.97178731679658,0.02677634037560749,0.003817316468932847,320.82146862801017,30.78939393939394,66.66666666666667,33381.8867335464,33434.01953125,61,61,,,,,,,,,,,,,,,,,,1.201844851175944,0.09981640474246457,385.2128279653159,33.598686660022544,64.34307861328125,7.8950037114263685,320.86974935203466,26.23622646647433,0.026750890830924714,0.0023332421291682322,320.4443365917759,30.29050505050505,67.46666666666667,21791.183988320707,21824.6640625,59,59,,,,,,,,,,,,,,,,,,,,,,,,,,,,,,,,,,,,,,,,,,,,,,,,
scikit-learn__scikit-learn-13174,scikit-learn/scikit-learn,True,4,,,,,,,,,,,,,,,,,,,,,,,,,,,,,,,,,,,1.5362688700358074,0.15399240500282416,271.69731527654005,158.84832776881404,75.81501769771178,9.716821773586467,195.88229757882823,161.45140549116263,0.018867869116426392,0.011031133872834309,182.87919936865617,19.305256410256412,72.3,7260.70668235844,7287.040364583333,55.818910256410255,56.333333333333336,,,,,,,,,,,,,,,,,,,,,,,,,,,,,,,,,,,,,,,,,,,,,,,,,,,,1.5038227240244548,0.0017575000505878672,489.8209046041625,10.69416489633286,90.07389831542969,10.72481414352681,399.7470062887328,0.22848629497644693,0.03401534059751128,0.0007426503400231153,325.7119732403759,24.84212454212454,65.16666666666667,25567.28698775183,25617.532552083332,58,58,1.5038068294525146,0.10171715600284642,494.0298001956337,35.64398195484609,91.45322163899739,10.988493726970447,402.5765785566363,26.684202112115734,0.034307625013585676,0.0024752765246420895,328.48173942221564,25.253205128205128,65.03333333333333,31783.999786324785,31826.1640625,60,60,1.5037836233774822,0.10135676298557575,491.86724091762824,34.052701807899524,90.90352885425091,8.85591387080765,400.96371206337733,26.43418921990228,0.034157447285946406,0.0023647709588819114,327.0735805035022,26.43111111111111,65.3,16424.995245726495,16473.779947916668,58,58,,,,,,,,,,,,,,,,,,,,,,,,,,,,,,,,,,,,,,,,,,,,,,,,,,,,,,,,,,,,,,,,,
scikit-learn__scikit-learn-13186,scikit-learn/scikit-learn,True,5,,,,,,,,,,,,,,,,,,,,,,,,,,,,,,,,,,,,,,,,,,,,,,,,,,,,1.1682519912719727,0.11567093939175377,368.7782324860268,37.38243704615236,55.878082275390625,6.743793580342785,312.9001502106362,30.640096927349003,0.025609599478196306,0.0025960025726494695,315.6199686875642,26.1973063973064,70.33333333333333,7496.953414351852,7523.505208333333,61,61,,,,,,,,,,,,,,,,,,,,,,,,,,,,,,,,,,,1.1683508555094402,0.15306205743047813,137.62872562075023,18.27528913716444,63.727315266927086,8.768224629948623,73.90141035382314,9.70352564563316,0.009557550390329878,0.0012691173011919754,117.77764223914564,29.680227272727272,68.33333333333333,29767.985609019885,29796.921875,49.39393939393939,49.666666666666664,1.3033013343811035,0.00244844318207894,417.42723934258356,1.2345839394905518,70.17591857910156,1.3731387923751297,347.251320763482,0.24011471581500474,0.028988002732123857,8.573499579795386e-05,320.2840855735994,28.509090909090908,65.93333333333334,34818.477864583336,34845.548177083336,58,58,1.2366093794504802,0.05655664878258478,400.2117823522813,14.117011788234922,70.04655456542969,1.1071602472987283,330.16522778685163,15.22085981145488,0.02779248488557509,0.0009803480408496486,323.73737483061757,29.6930303030303,66.03333333333333,18328.424893465908,18359.279947916668,59,59,1.2352721691131592,0.05767108488360649,398.7536269703923,15.457464156027436,70.62648518880208,0.25019169715360723,328.12714178159024,15.487469705665916,0.027691224095166132,0.001073435010835238,322.883931396258,29.87090909090909,65.36666666666667,23541.946330492425,23569.817708333332,58,58,,,,,,,,,,,,,,,,,,,,,,,,,,,,,,,,,,,,,,,,,,,,,,,,
scikit-learn__scikit-learn-13243,scikit-learn/scikit-learn,True,7,,,,,,,,,,,,,,,,,,,,,,,,,,,,,,,,,,,1.1348092555999756,0.1529251003999114,352.82000723140766,48.2794948239926,48.25355530033509,7.848382680147533,304.5664519310726,40.769458106468925,0.024501389391069977,0.003352742696110597,310.86998750683404,21.100968013468012,78.36666666666667,7635.866291495686,7666.747395833333,61,61,1.1019002596537273,0.17322419593587865,271.1003713641432,138.84088379370672,47.17882283528646,7.971711483536656,223.92154852885673,132.3842170478324,0.0188264146780655,0.009641728041229633,239.45291317263823,20.389772727272728,78.26666666666667,7478.04638671875,7496.533854166667,58.25925925925926,59,1.1681931813557942,0.11578126931929478,118.94753304502036,18.18635976262316,45.25099691003561,11.039110717818085,73.69653613498475,7.522341263217643,0.008260245350348637,0.0012629416501821634,101.5079969356334,18.18922558922559,69.83333333333333,7596.720367739899,7621.977864583333,50.22222222222222,50.333333333333336,,,,,,,,,,,,,,,,,,1.1016545295715332,0.10034734617054657,347.33054045302384,34.762004573673124,53.57786559810241,9.47021420889427,293.7526748549214,26.167605133006496,0.024120176420348877,0.0024140280953939665,315.13510082680693,27.064074074074075,67.06666666666666,29210.377065248842,29243.126302083332,60,60,1.168439229329427,0.11600846005296285,365.1396061538259,39.80369576682744,54.01646931966146,9.262246839907105,311.1231368341645,30.54154245151456,0.025356917094015687,0.002764145539363016,312.31057863482727,26.330303030303032,68.10000000000001,34346.256891835015,34377.40625,58,58,1.1687342325846355,0.11553237146337961,364.81789629119237,38.7997900620206,53.00433349609375,8.50071419397825,311.8135627950986,30.30018115341629,0.025334576131332803,0.0026944298654180965,312.0010703531101,25.544781144781144,70.26666666666667,17799.13570601852,17836.587239583332,59,59,1.1680699189503987,0.11575626046604927,363.20291049079765,38.809969463115145,52.51638794193665,8.59476802106183,310.686522548861,30.21769452952598,0.025222424339638724,0.002695136768271885,310.7911722511362,25.686195286195286,66.43333333333334,23040.13498263889,23087.040364583332,57,57,,,,,,,,,,,,,,,,,,,,,,,,,,,,,,,,,,,,,,,,,,,,,,,,
scikit-learn__scikit-learn-13253,scikit-learn/scikit-learn,True,7,,,,,,,,,,,,,,,,,,,,,,,,,,,,,,,,,,,,,,,,,,,,,,,,,,,,1.1348249117533367,0.05786520693304602,123.18681265207384,20.93758530835737,45.39173888911804,10.486580647377094,77.79507376295581,11.005094185754462,0.008554639767505128,0.0014539989797470395,108.13976141993042,18.49962962962963,68.6,7391.2251446759265,7410.56640625,52.36666666666667,52.666666666666664,1.1682990392049153,0.11556513282677643,358.8590863141007,36.80807432837145,48.33497111002604,6.576142440937879,310.52411520407463,30.23413598783631,0.02492076988292366,0.0025561162728035733,307.09331619555616,20.439393939393938,80.13333333333334,7398.682962436869,7430.7109375,58.3,58.333333333333336,1.168651024500529,0.11571129975102364,364.1991733687838,39.07721211842261,53.06249491622051,8.832163086435859,311.1366784525633,30.26276274972016,0.025291609261721096,0.002713695286001569,311.4789527759483,26.976767676767675,67.6,15356.464396569865,15376.265625,58,58,1.168577750523885,0.11586039383810642,363.27016378685767,39.36490512263083,52.91222127030293,9.058402248540215,310.3579425165547,30.306526375321674,0.025227094707420673,0.0027336739668493643,310.6849745392704,25.923569023569023,66.56666666666666,27594.296506734005,27623.389322916668,58,58,1.2349083423614502,0.11556863971302787,388.1701148270448,38.824525868580274,59.15367635091146,8.30953087087792,329.0164384761334,30.521328267769476,0.026956257974100336,0.002696147629762519,314.19706686628535,24.985858585858587,66.2,33014.556436763465,33047.743489583336,59,59,1.1351265907287598,0.15287873288369072,355.7551701365224,48.306312071800676,53.580078125,8.561885388208923,302.1750920115224,40.135821414166344,0.024705220148369608,0.0033546050049861596,313.3957973747699,26.65989057239057,66.5,16553.1178582702,16576.62890625,59,59,1.1685392061869304,0.11594040723686799,294.9115058143669,119.59540841433734,51.48529561360677,10.663545433298568,243.42621020076012,111.16976395197723,0.020479965681553254,0.008305236695440093,248.5829375044009,24.6,70.2,21486.041166877105,21529.028645833332,55.4,56.333333333333336,,,,,,,,,,,,,,,,,,,,,,,,,,,,,,,,,,,,,,,,,,,,,,,,
sphinx-doc__sphinx-10807,,False,3,,,,,,,,,,,,,,,,,,,,,,,,,,,,,,,,,,,1.402601718902588,0.2645457700205709,66.21909654032943,19.75927196360536,42.697306315104164,15.684496446449556,23.521790225225267,4.087502761062037,0.00459854837085621,0.0013721716641392609,46.595601796595986,9.175959595959597,37.233333333333334,7126.900587910353,7161.328125,41,41,,,,,,,,,,,,,,,,,,,,,,,,,,,,,,,,,,,,,,,,,,,,,,,,,,,,1.4354397455851238,0.23129099393894345,536.0936503830121,224.03355600870316,66.67691548168659,19.190006655310953,469.4167349013256,204.84517487903298,0.03722872572104251,0.015557885833937716,363.89628323180517,18.393737373737373,55.7,26863.628803661617,26879.515625,61.236111111111114,63,,,,,,,,,,,,,,,,,,1.3689192930857341,0.11509133455737446,426.4606727343555,38.30220858121447,61.5669199625651,8.569478587546374,364.8937527717904,29.73315873136125,0.029615324495441353,0.002659875595917673,311.4349433857392,19.32027972027972,59.2,17738.92005390443,17775.837239583332,58,58,,,,,,,,,,,,,,,,,,,,,,,,,,,,,,,,,,,,,,,,,,,,,,,,,,,,,,,,,,,,,,,,,
sphinx-doc__sphinx-12598,sphinx-doc/sphinx,True,7,,,,,,,,,,,,,,,,,,,,,,,,,,,,,,,,,,,1.4352440039316814,0.23122902876787502,439.6932290641698,74.89936737303043,54.73150126387676,13.920196480654585,384.9617278002931,61.02427926257852,0.03053425201834513,0.005201344956460448,306.0726290319355,12.656565656565656,50.5,7786.593347537879,7817.046875,60,60,1.3690770467122395,0.20766340754888296,85.75132245022118,18.017469613538832,62.31414286295573,17.658172800630215,23.43717958726546,3.5480474958123893,0.005954952947932027,0.0012512131676068632,63.421736950951576,17.085238095238097,49.46666666666667,7669.796580762987,7720.450520833333,46.47222222222222,46.666666666666664,,,,,,,,,,,,,,,,,,1.435036261876424,0.23128979806558628,449.5757985693928,81.3975193428109,66.9003397623698,20.043978820082394,382.675458807023,61.35367339746739,0.031220541567318946,0.005652605509917423,312.6632379279876,19.778787878787877,62.4,16983.938494318183,17001.3125,58,58,1.3684364159901936,0.2889845567682652,150.96227574864844,36.48838286943641,64.98971048990886,18.10481168856042,85.97256525873958,18.384014578472517,0.01048349137143392,0.0025339154770441952,109.88331852813648,16.93111111111111,49.13333333333333,30257.10021701389,30293.82421875,49.84848484848485,50,1.4359294573465984,0.2316252682436318,448.7420645843711,81.41120871251313,68.23202006022136,20.53017302159507,380.51004452414975,60.902962659644885,0.031162643373914663,0.00565355616059119,311.881893444029,18.701212121212123,61.800000000000004,35431.00090751263,35479.23046875,58,58,1.401867151260376,0.26486747861178644,442.1649985697901,88.8113540513653,66.64138285567363,19.131496424828207,375.5236157141165,70.26488398839662,0.030705902678457648,0.006167455142455924,315.0059981284348,18.806969696969695,54.699999999999996,18720.96990609217,18758.134114583332,59,59,1.3686328728993733,0.20846106166576445,433.445385627808,74.47992947635117,67.58580017338197,19.37916909813513,365.859585454426,55.446877925660445,0.03010037400193111,0.005172217324746609,316.12933872491516,19.483722943722945,58.0,24094.82750777868,24113.032552083332,60.37626262626263,60.666666666666664,,,,,,,,,,,,,,,,,,,,,,,,,,,,,,,,,,,,,,,,,,,,,,,,
sphinx-doc__sphinx-12615,sphinx-doc/sphinx,True,3,,,,,,,,,,,,,,,,,,,,,,,,,,,,,,,,,,,,,,,,,,,,,,,,,,,,,,,,,,,,,,,,,,,,,,,,,,,,,,,,,,,,,,1.6354555288950603,0.23160378839362109,517.6083108250755,80.65678438601057,81.99400329589844,19.555313030603433,435.614307529177,61.10163586826484,0.035945021585074684,0.005601165582361845,316.09438475721987,18.007239819004525,64.96666666666667,16162.11437712104,16206.497395833334,58,58,,,,,,,,,,,,,,,,,,1.4692000548044841,0.3792857165710932,464.58476771538704,129.20593070241586,74.23024495442708,29.120964073435676,390.35452276096,100.20042611000959,0.032262831091346325,0.008972634076556659,315.2432946128675,18.86144385026738,54.8,36554.43647574086,36592.024739583336,58,58,1.5019970734914143,0.2648789238513508,478.2058011544467,95.34450299094469,78.06785075118144,25.229518012390972,400.1379504032653,70.22649902881004,0.03320873619128102,0.0066211460410378255,317.5582979023976,18.30751262626263,58.733333333333334,19609.240717724115,19647.768229166668,59,59,,,,,,,,,,,,,,,,,,,,,,,,,,,,,,,,,,,,,,,,,,,,,,,,,,,,,,,,,,,,,,,,,
sphinx-doc__sphinx-9547,sphinx-doc/sphinx,True,2,,,,,,,,,,,,,,,,,,,,,,,,,,,,,,,,,,,,,,,,,,,,,,,,,,,,,,,,,,,,,,,,,,,,,,,,,,,,,,,,,,,,,,,,,,,,,,,,,,,,,,,,,,,,,,,,,,,,,,,,1.4355067412058513,0.2318943108112115,448.48412738149364,79.5467467801947,67.91222635904948,18.737093618863298,380.5719010224442,60.810711379444776,0.031144731068159282,0.0055240796375135215,311.9273346236175,18.79111111111111,63.3,33087.5579782197,33117.765625,58,58,1.4019936720530193,0.2648170241882348,440.5068484051961,88.6801510647577,67.16265360762675,18.777102084901625,373.3441947975693,70.09264574003122,0.03059075336147195,0.006158343823941508,313.7560143208493,18.88909090909091,57.7,16629.86918402778,16660.178385416668,58,58,,,,,,,,,,,,,,,,,,,,,,,,,,,,,,,,,,,,,,,,,,,,,,,,,,,,,,,,,,,,,,,,,
sympy__sympy-14278,sympy/sympy,True,1,,,,,,,,,,,,,,,,,,,,,,,,,,,,,,,,,,,,,,,,,,,,,,,,,,,,,,,,,,,,,,,,,,,,,,,,,,,,,,,,,,,,,,1.569506088892619,0.46264794880324045,496.30434076709616,161.4710385916365,77.00961812337239,38.37113732534653,419.2947226437238,123.10041797002991,0.03446557921993723,0.011213266568863647,314.50874629275114,19.378947368421052,64.9,14692.17893366228,14723.990885416666,59,59,,,,,,,,,,,,,,,,,,,,,,,,,,,,,,,,,,,,,,,,,,,,,,,,,,,,,,,,,,,,,,,,,,,,,,,,,,,,,,,,,,,,,,,,,,,,,,,,,,,,,,,,,,,,,,,,,,,,
sympy__sympy-14331,sympy/sympy,True,0,,,,,,,,,,,,,,,,,,,,,,,,,,,,,,,,,,,,,,,,,,,,,,,,,,,,,,,,,,,,,,,,,,,,,,,,,,,,,,,,,,,,,,,,,,,,,,,,,,,,,,,,,,,,,,,,,,,,,,,,,,,,,,,,,,,,,,,,,,,,,,,,,,,,,,,,,,,,,,,,,,,,,,,,,,,,,,,,,,,,,,,,,,,,,,,,,,,,,,,,,,,,,,,,,,,,,,,,,,
sympy__sympy-24665,,False,3,,,,,,,,,,,,,,,,,,,,,,,,,,,,,,,,,,,,,,,,,,,,,,,,,,,,,,,,,,,,,,,,,,,,,,,,,,,,,,,,,,,,,,1.3694203694661458,0.11563876178842346,427.25746599859883,40.04533112705675,61.05028279622396,9.335660444039824,366.2071832023749,30.71345657275533,0.02967065736101381,0.002780925772712275,311.8427346711529,20.17296037296037,64.86666666666666,14409.222474140443,14449.026041666666,60,60,,,,,,,,,,,,,,,,,,,,,,,,,,,,,,,,,,,2.236170689264933,1.2714508711750903,730.735255318865,440.4519248925023,131.67122395833334,102.42032648997444,599.0640313605317,338.03215979582393,0.050745503841587845,0.03058693922864599,322.9775964717502,17.37897435897436,64.56666666666666,17603.441952838828,17665.783854166668,58.142857142857146,60,2.1368229389190674,1.09894561163702,700.399474391424,389.0574000662605,127.28063964595397,95.29680625910308,573.11883474547,293.7615578293923,0.04863885238829333,0.027017875004601427,323.64543861138975,17.27636217948718,62.733333333333334,20677.450192182492,20730.9765625,61,61,,,,,,,,,,,,,,,,,,,,,,,,,,,,,,,,,,,,,,,,,,,,,,,,
sympy__sympy-25205,sympy/sympy,True,2,,,,,,,,,,,,,,,,,,,,,,,,,,,,,,,,,,,,,,,,,,,,,,,,,,,,,,,,,,,,,,,,,,,,,,,,,,,,,,,,,,,,,,2.772111733754476,0.4618210738277061,914.1900218343189,160.62699067699822,175.06607055664062,37.916326023758195,739.1239512776783,122.71181967774935,0.06348541818293882,0.0111546521303471,329.4715187853334,15.85002337540907,64.93333333333334,15705.460700093501,15737.03515625,58,58,2.7711273034413657,0.46285939242632956,919.2211711479441,161.34496742603952,178.2159220377604,38.219353797474724,741.0052491101837,123.12576667873492,0.06383480355194056,0.011204511626808304,331.42271379582417,15.583964469378214,63.86666666666667,28372.878270731064,28406.3671875,59,59,,,,,,,,,,,,,,,,,,,,,,,,,,,,,,,,,,,,,,,,,,,,,,,,,,,,,,,,,,,,,,,,,,,,,,,,,,,,,,,,,,,,,,,,,,,,,,,,,,,
sympy__sympy-25591,sympy/sympy,True,5,,,,,,,,,,,,,,,,,,,,,,,,,,,,,,,,,,,1.535534143447876,0.4047782732899092,477.57614893280345,138.32038101502977,64.53702291101217,30.17982834138008,413.0391260217913,108.1407124586882,0.0331650103425558,0.009605582014932623,309.73015943542856,12.795286195286195,58.93333333333333,7563.644577283249,7601.860677083333,61,61,1.6022973855336506,0.36095067359599003,108.77261393928886,34.78266050403884,80.29567464192708,30.86851922465548,28.476939297361778,6.222527638349316,0.007553653745783949,0.0024154625350026973,67.78522793521151,17.03926443926444,57.6,7492.00106078817,7550.19921875,44.666666666666664,44.666666666666664,,,,,,,,,,,,,,,,,,1.5692541599273682,0.46239760099441624,494.95055403216946,159.5226650678182,77.48387654622395,37.46481555486182,417.46667748594547,122.06205438396368,0.03437156625223399,0.01107796285193182,313.8656526926718,19.492344497607654,64.86666666666667,16160.65016322767,16200.8046875,59,59,,,,,,,,,,,,,,,,,,1.469748814900716,0.4721788900402118,472.2628436717192,163.76555676504358,80.61479187011719,39.1574343003464,391.64805180160204,125.12213331668028,0.03279603081053606,0.011372608108683586,319.82371880208945,19.02164983164983,58.9,34297.36615240951,34323.759114583336,59,59,,,,,,,,,,,,,,,,,,1.502139647801717,0.436332673996604,482.0729149971085,154.66010033686976,78.67531840006511,38.319255779710396,403.3975965970434,116.5154279499999,0.033477285763688094,0.010740284745615954,319.241740212982,18.772424242424243,61.3,23130.60108375421,23159.619791666668,61,61,,,,,,,,,,,,,,,,,,,,,,,,,,,,,,,,,,,,,,,,,,,,,,,,
sympy__sympy-25758,sympy/sympy,True,2,,,,,,,,,,,,,,,,,,,,,,,,,,,,,,,,,,,,,,,,,,,,,,,,,,,,,,,,,,,,,,,,,,,,,,,,,,,,,,,,,,,,,,2.3042675654093423,1.0416467977465755,754.7930539455347,361.6074596458201,137.27803548177084,82.78172368758857,617.5150184637638,278.82727899114997,0.05241618430177324,0.025111629142070838,325.1907279213577,17.211313131313133,63.96666666666667,15569.531502525253,15607.951822916666,60.166666666666664,60.333333333333336,,,,,,,,,,,,,,,,,,2.3026528358459473,1.0406434452423996,754.5056560951567,362.876449732057,140.99681599934897,86.37475129405361,613.5088400958078,276.5046424453115,0.05239622611771922,0.025199753453615067,325.12158774643257,16.738585858585857,63.96666666666666,33740.67341382576,33801.276041666664,60,60,,,,,,,,,,,,,,,,,,,,,,,,,,,,,,,,,,,,,,,,,,,,,,,,,,,,,,,,,,,,,,,,,,,,,,,,,,,,,,,,,,
sympy__sympy-25852,sympy/sympy,True,1,,,,,,,,,,,,,,,,,,,,,,,,,,,,,,,,,,,,,,,,,,,,,,,,,,,,,,,,,,,,,,,,,,,,,,,,,,,,,,,,,,,,,,,,,,,,,,,,,,,,,,,,,,,,,,,,,,,,,,,,,,,,,,,,,,,,,,,,,,,,,,,,,,,,,,,,,,2.1365880171457925,1.0985888908908783,693.5146123008889,387.01526415237913,126.57505289961894,96.0017819108891,566.9395594012699,291.01348335296126,0.0481607369653395,0.026876060010581886,320.2339210458029,17.242628205128206,61.4,21612.67463253706,21670.072916666668,57.888888888888886,58,,,,,,,,,,,,,,,,,,,,,,,,,,,,,,,,,,,,,,,,,,,,,,,,
sympy__sympy-26004,sympy/sympy,True,3,,,,,,,,,,,,,,,,,,,,,,,,,,,,,,,,,,,,,,,,,,,,,,,,,,,,1.802125374476115,0.5202734796732454,563.87922395261,175.59497226713825,79.20258076985677,36.329596052727524,484.67664318275325,139.2656908124934,0.03915827944115347,0.012194095296329043,311.66615984097115,11.503962703962705,56.266666666666666,7227.403495592949,7275.315104166667,60,60,1.8023718198140461,0.5203402484738833,561.27511709188,174.50868253618208,80.19297281901042,36.36504141286622,481.0821442728696,138.14429196002283,0.038977438686936115,0.01211865850945709,310.21075189636474,11.836013986013986,54.9,7394.719523965618,7432.71484375,61,61,,,,,,,,,,,,,,,,,,,,,,,,,,,,,,,,,,,1.8021612167358398,0.5204774319620831,212.48133397326697,81.55815587014942,97.2533518448472,47.379626614313196,115.22798212841975,34.18110043993044,0.014755648192587983,0.005663760824315933,115.96213607620277,15.296153846153846,62.93333333333333,33086.89733118444,33131.122395833336,51.850931677018636,52,,,,,,,,,,,,,,,,,,,,,,,,,,,,,,,,,,,,,,,,,,,,,,,,,,,,,,,,,,,,,,,,,,,,,,,,,,,,,,,,,,
sympy__sympy-26036,sympy/sympy,True,2,,,,,,,,,,,,,,,,,,,,,,,,,,,,,,,,,,,,,,,,,,,,,,,,,,,,,,,,,,,,,,,,,,,,,,,,,,,,,,,,,,,,,,,,,,,,,,,,,,,,,,,,,,,,,,,,,,,,,,,,1.7363828818003337,0.4061739170098028,562.1220438788789,149.1703244413617,96.55465189615886,40.6004181480391,465.56739198272004,108.57529154712216,0.039036253047144365,0.010359050308427898,322.28657780289257,17.805,62.5,36712.89133613782,36738.919270833336,61,61,,,,,,,,,,,,,,,,,,1.7698816458384197,0.4619886715445941,565.6258315883018,160.79159509676364,94.89834085603555,38.17346742979941,470.72749073226623,122.61814905310834,0.039279571638076514,0.011166082992830808,318.4144352892109,17.423076923076923,64.86666666666666,25632.33182615995,25668.630208333332,58,58,,,,,,,,,,,,,,,,,,,,,,,,,,,,,,,,,,,,,,,,,,,,,,,,
sympy__sympy-26358,sympy/sympy,True,3,,,,,,,,,,,,,,,,,,,,,,,,,,,,,,,,,,,,,,,,,,,,,,,,,,,,,,,,,,,,,,,,,,,,,,,,,,,,,,,,,,,,,,2.037144899368286,0.9257729177332158,657.4903587446526,318.86689807350405,115.33174641678731,72.83190999285357,542.1586123278653,246.035486940813,0.045659052690600874,0.022143534588437788,320.0966444151914,18.047745358090186,64.30000000000001,15799.331171253316,15829.21484375,58,58,,,,,,,,,,,,,,,,,,2.102543910344442,0.8727711331254956,677.8399841077427,300.5070003085938,124.34322611242533,71.67594008065156,553.4967579953174,228.83106851681885,0.047072221118593244,0.020868541688096792,320.0991653761494,17.144916003536693,58.86666666666667,33795.333835285885,33839.467447916664,52.333333333333336,52.333333333333336,,,,,,,,,,,,,,,,,,2.0701642831166587,0.8164136881396156,672.5849673877511,288.98544803592773,120.95883687585592,72.03397279108295,551.6261305118952,216.968495119664,0.046707289401927164,0.020068433891383866,322.1735990522005,17.016880341880345,59.53333333333333,22604.74945126488,22655.166666666668,59,59,,,,,,,,,,,,,,,,,,,,,,,,,,,,,,,,,,,,,,,,,,,,,,,,
sympy__sympy-26546,sympy/sympy,True,1,,,,,,,,,,,,,,,,,,,,,,,,,,,,,,,,,,,,,,,,,,,,,,,,,,,,,,,,,,,,,,,,,,,,,,,,,,,,,,,,,,,,,,2.338501771291097,1.1006263372988987,669.0300950636162,482.4276870359059,139.9747873917222,92.12899198006598,529.055307671894,394.79031833713543,0.04646042326830668,0.0335019227108268,268.1253138075849,16.49124183006536,64.56666666666666,13647.826166768791,13700.329427083334,56.75,57.333333333333336,,,,,,,,,,,,,,,,,,,,,,,,,,,,,,,,,,,,,,,,,,,,,,,,,,,,,,,,,,,,,,,,,,,,,,,,,,,,,,,,,,,,,,,,,,,,,,,,,,,,,,,,,,,,,,,,,,,,
sympy__sympy-26693,sympy/sympy,True,0,,,,,,,,,,,,,,,,,,,,,,,,,,,,,,,,,,,,,,,,,,,,,,,,,,,,,,,,,,,,,,,,,,,,,,,,,,,,,,,,,,,,,,,,,,,,,,,,,,,,,,,,,,,,,,,,,,,,,,,,,,,,,,,,,,,,,,,,,,,,,,,,,,,,,,,,,,,,,,,,,,,,,,,,,,,,,,,,,,,,,,,,,,,,,,,,,,,,,,,,,,,,,,,,,,,,,,,,,,
sympy__sympy-26848,sympy/sympy,True,1,,,,,,,,,,,,,,,,,,,,,,,,,,,,,,,,,,,,,,,,,,,,,,,,,,,,,,,,,,,,,,,,,,,,,,,,,,,,,,,,,,,,,,,,,,,,,,,,,,,,,,,4.138522624969482,0.4941323545197321,1394.3890212038907,166.48721264820676,295.6333974202474,35.21229302778844,1098.7556237836434,131.332853062957,0.09683257091693685,0.011561611989458797,336.9305485680552,14.605125125125126,61.233333333333334,28897.968640515515,28918.671875,58,58,,,,,,,,,,,,,,,,,,,,,,,,,,,,,,,,,,,,,,,,,,,,,,,,,,,,,,,,,,,,,,,,,,,,,,,,,,,,,,,,,,,,,,,,,,,,,,,,,,,
sympy__sympy-26935,sympy/sympy,True,1,,,,,,,,,,,,,,,,,,,,,,,,,,,,,,,,,,,,,,,,,,,,,,,,,,,,,,,,,,,,,,,,,,,,,,,,,,,,,,,,,,,,,,,,,,,,,,,,,,,,,,,2.60401980082194,0.9544067512793949,862.3651856382113,331.08068846484997,167.82891337076822,77.23906924591194,694.5362722674431,253.91976885109747,0.05988647122487578,0.02299171447672569,329.9240323981482,16.0324895572264,58.9,28353.01811179424,28382.21484375,59,59,,,,,,,,,,,,,,,,,,,,,,,,,,,,,,,,,,,,,,,,,,,,,,,,,,,,,,,,,,,,,,,,,,,,,,,,,,,,,,,,,,,,,,,,,,,,,,,,,,,
sympy__sympy-26940,sympy/sympy,True,0,,,,,,,,,,,,,,,,,,,,,,,,,,,,,,,,,,,,,,,,,,,,,,,,,,,,,,,,,,,,,,,,,,,,,,,,,,,,,,,,,,,,,,,,,,,,,,,,,,,,,,,,,,,,,,,,,,,,,,,,,,,,,,,,,,,,,,,,,,,,,,,,,,,,,,,,,,,,,,,,,,,,,,,,,,,,,,,,,,,,,,,,,,,,,,,,,,,,,,,,,,,,,,,,,,,,,,,,,,
sympy__sympy-26989,sympy/sympy,True,2,,,,,,,,,,,,,,,,,,,,,,,,,,,,,,,,,,,,,,,,,,,,,,,,,,,,,,,,,,,,,,,,,,,,,1.6356019179026287,0.41702181297416985,506.408232814031,138.59645373434788,68.36062113444011,27.527088873934492,438.0476116795909,111.09761682096601,0.03516723838986326,0.009624753731551935,308.6913348713919,12.271107839528892,55.13333333333333,7404.147420561894,7450.169270833333,61,61,,,,,,,,,,,,,,,,,,,,,,,,,,,,,,,,,,,,,,,,,,,,,,,,,,,,1.7365659872690837,0.4051291456492049,555.3088701647804,145.1944158476582,94.23086039225261,38.54205508111039,461.0780097725278,106.6540912764096,0.038563115983665304,0.010082945544976261,318.4985106484198,17.44371794871795,63.93333333333334,16899.183779046474,16924.595052083332,57,57,,,,,,,,,,,,,,,,,,,,,,,,,,,,,,,,,,,,,,,,,,,,,,,,,,,,,,,,,,,,,,,,,
sympy__sympy-27085,sympy/sympy,True,0,,,,,,,,,,,,,,,,,,,,,,,,,,,,,,,,,,,,,,,,,,,,,,,,,,,,,,,,,,,,,,,,,,,,,,,,,,,,,,,,,,,,,,,,,,,,,,,,,,,,,,,,,,,,,,,,,,,,,,,,,,,,,,,,,,,,,,,,,,,,,,,,,,,,,,,,,,,,,,,,,,,,,,,,,,,,,,,,,,,,,,,,,,,,,,,,,,,,,,,,,,,,,,,,,,,,,,,,,,
sympy__sympy-27347,sympy/sympy,True,1,,,,,,,,,,,,,,,,,,,,,,,,,,,,,,,,,,,,,,,,,,,,,,,,,,,,,,,,,,,,,,,,,,,,,,,,,,,,,,,,,,,,,,,,,,,,,,,,,,,,,,,,,,,,,,,,,,,,,,,,,,,,,,,,,,,,,,,,,2.60465931892395,0.5205971319919716,961.9714186874418,179.63346075594808,165.93520609289408,48.42115282245848,796.0362125945477,154.74095109165566,0.06680357074218346,0.012474545885829726,373.2169393503547,15.697301587301588,64.36666666666667,17635.77280505952,17664.760416666668,61.634408602150536,65,,,,,,,,,,,,,,,,,,,,,,,,,,,,,,,,,,,,,,,,,,,,,,,,,,,,,,,,,,,,,,,,,
sympy__sympy-27666,sympy/sympy,True,1,,,,,,,,,,,,,,,,,,,,,,,,,,,,,,,,,,,,,,,,,,,,,,,,,,,,1.5690035820007324,0.46269251564888064,485.458749528971,152.42664281599193,64.3135325089097,29.25483251200399,421.1452170200613,123.17182577759263,0.033712413161734095,0.010585183528888329,308.3618295651796,12.386921850079744,55.833333333333336,7291.966270434609,7338.067708333333,59.916666666666664,60,,,,,,,,,,,,,,,,,,,,,,,,,,,,,,,,,,,,,,,,,,,,,,,,,,,,,,,,,,,,,,,,,,,,,,,,,,,,,,,,,,,,,,,,,,,,,,,,,,,,,,,,,,,,,,,,,,,,,,,,,,,,,,,,,,,,,,,,,,,,,,,,,,,,,,
